player_id,player_name,team,age,games_played,minutes,ppg,rpg,apg,spg,bpg,tov,fg_pct,fg3_pct,ft_pct,plus_minus,oreb,dreb,fg3a,fta,fga,off_rating,def_rating,net_rating,ts_pct,usg_pct,ast_pct,oreb_pct,dreb_pct,efg_pct,pie,salary,years_remaining,contract_type,salary_2627,salary_2728,salary_2829,salary_2930,salary_3031,guaranteed_millions,availability_pct,position,salary_millions,pct_scoring,pct_playmaking,pct_rebounding,pct_efficiency,pct_defense_steals,pct_defense_blocks,pct_availability,pct_ts,pct_usg,pct_net_rating,pct_pie,pct_off_rating,pct_def_rating,pct_defense,ts_pct_display,pie_display
1630178,Tyrese Maxey,PHI,25.0,70,38.0,28.3,4.1,6.6,1.9,0.8,2.4,0.462,0.367,0.892,1.6,0.3,3.8,8.6,6.0,21.4,114.9,113.4,1.5,0.588,0.286,0.288,0.008,0.096,0.536,0.15,37958760.0,3,Multi-Year,40.77,43.58,46.39,0.0,0.0,168.71,85.4,PG,37.96,0.992,0.957,0.604,0.449,0.984,0.849,0.778,0.594,0.95,0.626,0.951,0.724,0.524,0.786,58.8,15.0
1641708,Amen Thompson,HOU,23.0,79,37.4,18.3,7.8,5.3,1.5,0.6,2.4,0.534,0.216,0.779,4.7,3.0,4.8,1.5,4.9,13.2,117.0,110.4,6.6,0.594,0.195,0.202,0.078,0.123,0.545,0.128,9690600.0,1,Multi-Year,12.26,0.0,0.0,0.0,0.0,21.95,96.3,PG,9.69,0.876,0.906,0.929,0.519,0.948,0.754,0.948,0.634,0.642,0.869,0.861,0.828,0.768,0.823,59.4,12.8
201142,Kevin Durant,HOU,37.0,78,36.4,26.0,5.5,4.8,0.8,0.9,3.2,0.52,0.413,0.874,4.4,0.5,4.9,5.8,6.0,17.6,117.9,112.4,5.5,0.641,0.263,0.203,0.014,0.131,0.588,0.15,54708609.0,2,Multi-Year,43.9,46.1,0.0,0.0,0.0,98.61,95.1,SF,54.71,0.972,0.885,0.788,0.786,0.552,0.886,0.936,0.884,0.914,0.819,0.951,0.867,0.604,0.681,64.1,15.0
1643253,Toby Okani,MEM,24.0,6,36.2,10.0,3.5,1.0,0.7,0.5,0.5,0.357,0.29,0.125,-22.8,1.5,2.0,5.2,1.3,11.7,100.0,128.1,-28.1,0.408,0.142,0.039,0.034,0.053,0.421,0.013,1000000.0,0,Minimum,0.0,0.0,0.0,0.0,0.0,0.0,7.3,SG,1.0,0.553,0.191,0.49,0.034,0.452,0.684,0.056,0.013,0.244,0.008,0.006,0.02,0.013,0.383,40.8,1.3
1629029,Luka Dončić,LAL,27.0,64,35.8,33.5,7.7,8.3,1.6,0.5,4.0,0.476,0.366,0.78,2.9,0.6,7.1,10.8,10.1,22.8,119.4,115.6,3.8,0.616,0.368,0.387,0.019,0.194,0.563,0.188,45999660.0,3,Multi-Year,49.8,53.78,57.77,0.0,0.0,149.58,78.0,PG,46.0,1.0,0.994,0.925,0.665,0.965,0.684,0.647,0.781,1.0,0.751,0.992,0.933,0.31,0.653,61.6,18.8
1630530,Trey Murphy III,NOP,25.0,66,35.5,21.5,5.7,3.8,1.5,0.4,1.8,0.47,0.379,0.886,-2.6,1.0,4.8,8.6,3.7,15.9,113.6,117.2,-3.6,0.613,0.223,0.16,0.026,0.131,0.572,0.122,25000000.0,3,Multi-Year,27.0,29.0,31.0,0.0,0.0,112.0,80.5,SF,25.0,0.94,0.826,0.82,0.715,0.948,0.582,0.694,0.766,0.78,0.388,0.828,0.615,0.225,0.585,61.3,12.2
1627750,Jamal Murray,DEN,29.0,75,35.4,25.4,4.4,7.1,0.9,0.4,2.3,0.483,0.435,0.887,5.8,0.4,4.0,7.5,5.2,18.1,124.4,117.7,6.8,0.622,0.269,0.298,0.013,0.109,0.573,0.142,46394100.0,3,Multi-Year,50.11,53.82,57.53,0.0,0.0,207.85,91.5,PG,46.39,0.969,0.972,0.645,0.721,0.653,0.582,0.871,0.808,0.93,0.875,0.926,0.992,0.195,0.477,62.2,14.2
1630552,Jalen Johnson,ATL,24.0,72,35.2,22.5,10.3,7.9,1.2,0.4,3.4,0.489,0.352,0.788,2.6,1.4,8.9,4.7,5.3,17.1,115.5,112.3,3.2,0.581,0.264,0.325,0.038,0.241,0.537,0.161,30000000.0,4,Multi-Year,30.0,30.0,30.0,30.0,0.0,150.0,87.8,SF,30.0,0.95,0.985,0.973,0.458,0.858,0.582,0.818,0.548,0.918,0.711,0.979,0.755,0.612,0.684,58.1,16.1
1631095,Jabari Smith Jr.,HOU,22.0,77,35.1,15.8,6.9,1.9,0.7,0.9,1.4,0.449,0.363,0.775,3.4,1.4,5.5,6.3,2.7,12.7,117.0,112.0,5.0,0.569,0.179,0.073,0.039,0.152,0.54,0.093,12350392.0,5,Multi-Year,23.64,21.75,23.64,25.53,27.43,134.35,93.9,PF,12.35,0.812,0.479,0.886,0.485,0.452,0.886,0.91,0.447,0.526,0.803,0.542,0.828,0.633,0.657,56.9,9.3
1630162,Anthony Edwards,MIN,24.0,61,35.0,28.8,5.0,3.7,1.4,0.8,2.9,0.489,0.399,0.796,2.7,0.6,4.4,8.4,7.2,20.2,117.8,114.3,3.5,0.617,0.309,0.174,0.017,0.12,0.572,0.145,45550512.0,3,Multi-Year,48.92,52.3,55.67,0.0,0.0,202.45,74.4,SG,45.55,0.996,0.81,0.714,0.715,0.92,0.849,0.603,0.788,0.978,0.733,0.939,0.861,0.421,0.73,61.7,14.5
1628973,Jalen Brunson,NYK,29.0,74,35.0,26.0,3.3,6.8,0.8,0.1,2.4,0.467,0.369,0.841,4.8,0.4,2.9,7.1,5.7,19.9,120.2,114.1,6.1,0.58,0.296,0.307,0.012,0.083,0.533,0.135,34944001.0,3,Multi-Year,37.74,40.54,43.33,0.0,0.0,113.22,90.2,PG,34.94,0.972,0.969,0.44,0.423,0.552,0.133,0.852,0.54,0.965,0.842,0.889,0.952,0.435,0.373,58.0,13.5
1642845,VJ Edgecombe,PHI,20.0,75,35.0,16.0,5.6,4.2,1.4,0.5,1.8,0.438,0.354,0.818,0.8,1.6,4.0,5.6,2.4,13.7,114.8,113.9,0.9,0.54,0.196,0.172,0.044,0.111,0.51,0.092,11108880.0,3,Multi-Year,11.66,12.22,15.45,0.0,0.0,22.77,91.5,SG,11.11,0.816,0.863,0.804,0.263,0.92,0.684,0.871,0.258,0.65,0.599,0.524,0.718,0.46,0.688,54.0,9.2
203999,Nikola Jokić,DEN,31.0,65,34.8,27.7,12.9,10.7,1.4,0.8,3.7,0.569,0.38,0.831,8.5,3.0,9.9,4.5,7.4,17.4,126.1,115.3,10.8,0.67,0.289,0.458,0.089,0.27,0.618,0.213,55224526.0,2,Multi-Year,59.03,62.84,0.0,0.0,0.0,114.26,79.3,C,55.22,0.985,1.0,1.0,0.885,0.92,0.849,0.672,0.934,0.952,0.943,0.999,0.996,0.336,0.702,67.0,21.3
201935,James Harden,CLE,36.0,70,34.8,23.6,4.8,8.0,1.1,0.4,3.5,0.434,0.375,0.884,1.4,0.6,4.2,8.2,7.5,16.0,118.8,117.0,1.8,0.61,0.279,0.347,0.017,0.119,0.529,0.143,39182693.0,1,Multi-Year,42.32,0.0,0.0,0.0,0.0,0.0,53.7,PG,39.18,0.955,0.988,0.686,0.382,0.808,0.582,0.386,0.747,0.942,0.646,0.934,0.906,0.237,0.542,61.0,14.3
1631094,Paolo Banchero,ORL,23.0,72,34.7,22.2,8.4,5.2,0.7,0.6,3.1,0.459,0.305,0.775,0.0,1.2,7.2,3.8,8.2,16.0,114.0,114.1,-0.2,0.566,0.274,0.235,0.034,0.204,0.496,0.138,15334769.0,5,Multi-Year,41.5,44.82,48.14,51.46,54.78,201.25,87.8,PF,15.33,0.948,0.9,0.941,0.197,0.452,0.754,0.818,0.416,0.937,0.53,0.903,0.659,0.435,0.547,56.6,13.8
1630559,Austin Reaves,LAL,27.0,51,34.5,23.3,4.7,5.5,1.1,0.4,3.0,0.49,0.36,0.871,3.6,0.6,4.1,6.4,7.3,14.9,117.3,112.3,5.0,0.641,0.258,0.237,0.02,0.117,0.567,0.137,13937574.0,1,Multi-Year,14.9,0.0,0.0,0.0,0.0,13.94,62.2,SG,13.94,0.952,0.921,0.675,0.684,0.808,0.582,0.463,0.884,0.896,0.803,0.896,0.848,0.612,0.667,64.1,13.7
1631099,Keegan Murray,SAC,25.0,23,34.5,14.0,5.7,1.7,1.0,1.6,1.2,0.42,0.277,0.776,-7.1,1.4,4.3,4.9,2.1,13.0,107.6,118.4,-10.7,0.499,0.182,0.07,0.039,0.122,0.472,0.078,11144093.0,5,Multi-Year,24.14,26.07,28.0,29.93,31.86,151.14,28.0,PF,11.14,0.756,0.425,0.82,0.108,0.743,0.977,0.176,0.094,0.555,0.13,0.339,0.177,0.164,0.628,49.9,7.8
1627759,Jaylen Brown,BOS,29.0,71,34.4,28.7,6.9,5.1,1.0,0.4,3.6,0.477,0.347,0.795,4.5,1.1,5.8,5.7,7.5,21.7,119.5,113.0,6.5,0.573,0.351,0.251,0.032,0.155,0.522,0.152,53142264.0,3,Multi-Year,57.08,61.02,64.95,0.0,0.0,236.19,86.6,SF,53.14,0.994,0.896,0.886,0.342,0.743,0.582,0.797,0.477,0.996,0.865,0.959,0.939,0.558,0.628,57.3,15.2
1628374,Lauri Markkanen,UTA,28.0,42,34.3,26.7,6.9,2.1,1.0,0.5,1.5,0.477,0.355,0.896,-1.3,2.0,4.9,7.7,6.4,19.2,113.6,115.2,-1.5,0.608,0.269,0.101,0.054,0.134,0.548,0.139,46394100.0,3,Multi-Year,46.11,49.82,53.54,0.0,0.0,195.87,51.2,PF,46.39,0.979,0.53,0.886,0.543,0.743,0.684,0.357,0.719,0.93,0.479,0.91,0.615,0.348,0.592,60.8,13.9
1628401,Derrick White,BOS,31.0,77,34.1,16.5,4.4,5.4,1.1,1.3,1.7,0.394,0.327,0.902,7.8,1.1,3.3,8.3,2.6,14.4,119.3,108.0,11.3,0.529,0.216,0.221,0.032,0.09,0.489,0.109,28100000.0,3,Multi-Year,30.35,32.6,34.84,0.0,0.0,91.04,93.9,SG,28.1,0.831,0.913,0.645,0.168,0.808,0.954,0.91,0.198,0.755,0.947,0.71,0.925,0.899,0.887,52.9,10.9
1630595,Cade Cunningham,DET,24.0,64,33.9,23.9,5.5,9.9,1.4,0.8,3.7,0.461,0.342,0.812,8.1,0.9,4.7,5.7,6.0,18.6,120.4,109.0,11.4,0.564,0.296,0.43,0.025,0.132,0.513,0.159,46394100.0,4,Multi-Year,50.11,53.82,57.53,61.24,0.0,269.09,78.0,PG,46.39,0.958,0.998,0.788,0.278,0.92,0.849,0.647,0.404,0.965,0.951,0.976,0.959,0.851,0.873,56.4,15.9
1643158,Andersson Garcia,UTA,25.0,5,33.8,5.2,8.4,2.8,1.6,0.8,1.4,0.31,0.077,0.778,-7.4,3.4,5.0,2.6,1.8,5.8,105.8,115.6,-9.8,0.394,0.094,0.107,0.089,0.15,0.328,0.052,1000000.0,0,Minimum,0.0,0.0,0.0,0.0,0.0,0.0,6.1,SF,1.0,0.166,0.683,0.941,0.006,0.965,0.849,0.043,0.01,0.017,0.162,0.063,0.09,0.31,0.708,39.4,5.2
1627742,Brandon Ingram,TOR,28.0,77,33.8,21.5,5.6,3.7,0.8,0.7,2.4,0.477,0.382,0.82,0.6,0.8,4.8,4.6,4.6,16.7,114.6,113.7,1.0,0.573,0.264,0.169,0.024,0.144,0.529,0.121,38095238.0,2,Multi-Year,40.0,41.9,0.0,0.0,0.0,78.1,93.9,SF,38.1,0.94,0.81,0.804,0.382,0.552,0.801,0.91,0.477,0.918,0.603,0.819,0.701,0.481,0.611,57.3,12.1
1630217,Desmond Bane,ORL,27.0,82,33.6,20.1,4.1,4.1,1.0,0.5,2.0,0.484,0.391,0.908,1.6,1.2,2.9,5.2,4.2,14.7,113.6,111.5,2.2,0.607,0.224,0.19,0.034,0.084,0.553,0.111,36725670.0,3,Multi-Year,39.45,42.17,44.89,0.0,0.0,163.23,100.0,SG,36.73,0.909,0.855,0.604,0.586,0.743,0.684,0.982,0.711,0.786,0.662,0.732,0.615,0.676,0.701,60.7,11.1
1630567,Scottie Barnes,TOR,24.0,80,33.5,18.1,7.5,5.9,1.4,1.5,2.6,0.507,0.304,0.815,3.3,1.9,5.6,2.8,3.7,14.0,114.6,110.0,4.6,0.577,0.226,0.255,0.055,0.166,0.537,0.139,38661750.0,4,Multi-Year,41.75,44.85,47.94,51.03,0.0,224.24,97.6,PF,38.66,0.872,0.937,0.915,0.458,0.92,0.965,0.955,0.517,0.798,0.792,0.91,0.701,0.796,0.894,57.7,13.9
1628378,Donovan Mitchell,CLE,29.0,70,33.5,27.9,4.5,5.7,1.5,0.3,2.8,0.483,0.364,0.865,5.3,0.7,3.8,8.8,6.1,20.0,119.3,112.1,7.2,0.613,0.311,0.266,0.021,0.108,0.563,0.152,46394100.0,2,Multi-Year,50.11,53.82,0.0,0.0,0.0,96.5,85.4,SG,46.39,0.988,0.932,0.655,0.665,0.948,0.443,0.778,0.766,0.981,0.881,0.959,0.925,0.621,0.671,61.3,15.2
1626164,Devin Booker,PHX,29.0,64,33.5,26.1,3.9,6.0,0.8,0.3,3.1,0.456,0.33,0.873,3.1,0.8,3.1,5.8,8.1,18.7,115.9,112.0,3.9,0.585,0.307,0.293,0.021,0.091,0.507,0.142,53142264.0,4,Multi-Year,57.08,61.02,64.07,69.19,0.0,235.3,78.0,SG,53.14,0.975,0.941,0.561,0.244,0.552,0.443,0.647,0.573,0.973,0.755,0.926,0.771,0.633,0.543,58.5,14.2
1642843,Cooper Flagg,DAL,19.0,70,33.5,21.0,6.7,4.5,1.2,0.9,2.3,0.468,0.295,0.827,-3.8,1.2,5.4,3.5,4.9,17.1,109.5,114.7,-5.2,0.548,0.264,0.212,0.035,0.151,0.498,0.128,13825920.0,3,Multi-Year,14.52,15.21,19.18,0.0,0.0,28.34,85.4,SF,13.83,0.934,0.869,0.871,0.209,0.858,0.886,0.778,0.307,0.918,0.313,0.861,0.271,0.394,0.713,54.8,12.8
1629638,Nickeil Alexander-Walker,ATL,27.0,78,33.4,20.8,3.4,3.7,1.3,0.5,2.1,0.459,0.399,0.902,3.1,0.7,2.8,8.1,3.9,15.3,116.1,112.0,4.0,0.61,0.23,0.155,0.019,0.079,0.564,0.105,15161800.0,3,Multi-Year,14.4,15.16,15.92,0.0,0.0,44.73,95.1,SG,15.16,0.928,0.81,0.466,0.672,0.891,0.684,0.936,0.747,0.817,0.763,0.665,0.785,0.633,0.736,61.0,10.5
1630166,Deni Avdija,POR,25.0,66,33.3,24.2,6.9,6.7,0.8,0.6,3.8,0.462,0.318,0.802,0.2,1.1,5.8,6.0,9.2,16.1,115.7,115.4,0.3,0.6,0.285,0.316,0.031,0.167,0.521,0.149,14375000.0,2,Multi-Year,13.12,11.88,0.0,0.0,0.0,39.38,80.5,SF,14.38,0.963,0.963,0.886,0.331,0.552,0.754,0.694,0.681,0.948,0.572,0.944,0.764,0.326,0.544,60.0,14.9
1641739,Toumani Camara,POR,25.0,82,33.3,13.4,5.1,2.5,1.1,0.4,1.8,0.44,0.37,0.708,0.4,1.6,3.6,7.2,1.7,10.9,114.3,113.0,1.3,0.578,0.16,0.103,0.043,0.103,0.563,0.073,2221677.0,4,Multi-Year,18.08,19.53,20.97,22.42,0.0,83.22,100.0,PF,2.22,0.719,0.61,0.732,0.665,0.808,0.582,0.982,0.523,0.372,0.614,0.263,0.679,0.558,0.649,57.8,7.3
1630578,Alperen Sengun,HOU,23.0,72,33.3,20.4,8.9,6.2,1.2,1.1,3.2,0.519,0.305,0.691,2.8,3.0,5.9,1.8,5.2,15.6,117.1,113.7,3.4,0.569,0.259,0.282,0.089,0.177,0.537,0.142,1000000.0,0,Minimum,0.0,0.0,0.0,0.0,0.0,0.0,87.8,?,1.0,0.919,0.949,0.957,0.458,0.858,0.93,0.818,0.447,0.9,0.726,0.926,0.835,0.481,0.756,56.9,14.2
1629645,Kevin Porter Jr.,MIL,25.0,38,33.2,17.4,5.2,7.4,2.2,0.5,2.9,0.465,0.322,0.878,-2.8,0.9,4.3,3.8,4.1,13.5,111.4,116.1,-4.7,0.567,0.236,0.336,0.027,0.123,0.51,0.132,5134000.0,1,Multi-Year,5.39,0.0,0.0,0.0,0.0,5.13,46.3,PG,5.13,0.861,0.98,0.746,0.263,0.996,0.684,0.313,0.425,0.838,0.325,0.878,0.422,0.273,0.651,56.7,13.2
1627783,Pascal Siakam,IND,32.0,62,33.2,24.0,6.6,3.8,1.1,0.4,2.2,0.484,0.358,0.693,-3.7,1.4,5.2,4.7,6.1,18.6,111.5,117.2,-5.6,0.562,0.292,0.19,0.041,0.151,0.529,0.13,45550512.0,2,Multi-Year,48.92,52.3,0.0,0.0,0.0,146.77,75.6,PF,45.55,0.96,0.826,0.863,0.382,0.808,0.582,0.613,0.388,0.957,0.306,0.872,0.429,0.225,0.538,56.2,13.0
2544,LeBron James,LAL,41.0,60,33.2,20.9,6.1,7.2,1.2,0.6,3.0,0.515,0.317,0.737,2.0,0.7,5.4,4.1,5.3,15.3,115.0,112.4,2.6,0.594,0.262,0.338,0.023,0.16,0.557,0.154,52627153.0,0,Expiring,0.0,0.0,0.0,0.0,0.0,52.63,73.2,SF,52.63,0.931,0.976,0.845,0.615,0.858,0.754,0.59,0.634,0.91,0.679,0.966,0.734,0.604,0.739,59.4,15.4
1628384,OG Anunoby,NYK,28.0,67,33.2,16.7,5.2,2.2,1.6,0.7,1.8,0.484,0.386,0.828,6.1,1.3,4.0,6.1,3.3,12.0,119.4,110.2,9.2,0.62,0.194,0.09,0.039,0.116,0.581,0.099,39568966.0,3,Multi-Year,42.5,45.43,48.36,0.0,0.0,127.5,81.7,PF,39.57,0.838,0.552,0.746,0.761,0.965,0.801,0.711,0.801,0.634,0.922,0.611,0.933,0.78,0.849,62.0,9.9
1628983,Shai Gilgeous-Alexander,OKC,27.0,68,33.2,31.1,4.3,6.6,1.4,0.8,2.2,0.553,0.386,0.879,11.6,0.6,3.7,4.4,9.0,19.4,121.5,105.2,16.3,0.665,0.323,0.332,0.017,0.1,0.597,0.207,38333050.0,5,Multi-Year,40.81,61.0,65.89,70.77,75.65,276.8,82.9,PG,38.33,0.998,0.957,0.632,0.818,0.92,0.849,0.729,0.925,0.985,0.992,0.994,0.972,0.957,0.909,66.5,20.7
1630700,Dyson Daniels,ATL,23.0,76,33.2,11.9,6.8,5.9,2.0,0.4,1.8,0.517,0.188,0.615,4.0,2.4,4.4,1.5,1.6,10.2,116.8,110.6,6.2,0.542,0.157,0.23,0.071,0.129,0.532,0.106,7707709.0,4,Multi-Year,25.0,25.0,25.0,25.0,0.0,107.71,92.7,SG,7.71,0.658,0.937,0.878,0.415,0.992,0.582,0.887,0.27,0.343,0.852,0.677,0.811,0.754,0.776,54.2,10.6
1641718,Keyonte George,UTA,22.0,54,33.1,23.6,3.7,6.1,1.1,0.3,3.1,0.456,0.371,0.892,-6.2,0.4,3.3,6.7,7.0,16.3,115.1,123.6,-8.6,0.609,0.275,0.286,0.012,0.096,0.532,0.122,4278960.0,1,Multi-Year,6.56,0.0,0.0,0.0,0.0,10.84,65.9,PG,4.28,0.955,0.944,0.527,0.415,0.808,0.443,0.502,0.734,0.939,0.206,0.828,0.74,0.036,0.429,60.9,12.2
203944,Julius Randle,MIN,31.0,79,33.0,21.1,6.7,5.0,1.1,0.2,2.7,0.481,0.315,0.802,2.9,1.7,5.1,4.4,6.3,15.3,117.0,113.1,4.0,0.585,0.258,0.227,0.05,0.146,0.526,0.128,30864198.0,2,Multi-Year,33.33,35.8,0.0,0.0,0.0,64.2,96.3,PF,30.86,0.937,0.893,0.871,0.361,0.808,0.282,0.948,0.573,0.896,0.763,0.861,0.828,0.545,0.545,58.5,12.8
1643016,Bez Mbeng,UTA,22.0,15,32.8,8.1,3.8,4.1,2.3,0.3,1.5,0.5,0.194,0.64,-9.9,1.2,2.6,2.1,1.7,6.7,107.2,120.4,-13.2,0.55,0.106,0.158,0.032,0.078,0.53,0.06,1000000.0,0,Minimum,0.0,0.0,0.0,0.0,0.0,0.0,18.3,SG,1.0,0.415,0.855,0.542,0.396,0.998,0.443,0.136,0.321,0.043,0.069,0.119,0.148,0.1,0.514,55.0,6.0
1628969,Mikal Bridges,NYK,29.0,82,32.8,14.4,3.8,3.7,1.3,0.8,1.0,0.49,0.371,0.827,3.6,1.0,2.8,5.1,1.2,11.7,118.0,112.0,6.0,0.587,0.17,0.158,0.029,0.085,0.571,0.099,24900000.0,4,Multi-Year,33.48,36.16,38.84,41.52,0.0,133.38,100.0,SF,24.9,0.777,0.81,0.542,0.708,0.891,0.849,0.982,0.588,0.45,0.835,0.611,0.875,0.633,0.791,58.7,9.9
1628369,Jayson Tatum,BOS,28.0,16,32.6,21.8,10.0,5.3,1.4,0.2,2.4,0.411,0.329,0.823,7.4,0.5,9.5,8.9,4.9,17.9,120.7,110.2,10.5,0.541,0.29,0.246,0.015,0.274,0.493,0.159,54126450.0,4,Multi-Year,58.46,62.79,67.12,71.45,0.0,242.49,19.5,PF,54.13,0.945,0.906,0.97,0.184,0.92,0.282,0.144,0.266,0.954,0.94,0.976,0.964,0.78,0.661,54.1,15.9
1629008,Michael Porter Jr.,BKN,27.0,52,32.5,24.2,7.1,3.0,1.1,0.3,2.3,0.463,0.363,0.859,-3.9,1.3,5.7,9.3,4.4,18.4,113.0,119.6,-6.6,0.595,0.292,0.165,0.04,0.188,0.555,0.141,38333050.0,1,Multi-Year,40.81,0.0,0.0,0.0,0.0,50.33,63.4,SF,38.33,0.963,0.712,0.9,0.599,0.808,0.443,0.474,0.644,0.957,0.269,0.917,0.553,0.124,0.458,59.5,14.1
1628389,Bam Adebayo,MIA,28.0,73,32.4,20.1,10.0,3.2,1.2,0.7,1.6,0.442,0.318,0.778,4.5,2.0,8.0,5.5,5.8,15.7,117.1,111.0,6.1,0.551,0.248,0.142,0.059,0.236,0.497,0.138,37096620.0,3,Multi-Year,49.8,53.78,57.77,0.0,0.0,140.68,89.0,C,37.1,0.909,0.736,0.97,0.203,0.858,0.801,0.838,0.327,0.872,0.842,0.903,0.835,0.71,0.79,55.1,13.8
1630202,Payton Pritchard,BOS,28.0,79,32.3,17.0,3.9,5.2,0.7,0.1,1.4,0.464,0.377,0.89,5.4,0.9,3.1,7.1,1.7,13.8,120.1,112.1,8.0,0.584,0.21,0.234,0.026,0.09,0.561,0.12,7232143.0,2,Multi-Year,7.77,8.3,0.0,0.0,0.0,23.3,96.3,PG,7.23,0.846,0.9,0.561,0.648,0.452,0.133,0.948,0.565,0.72,0.903,0.812,0.95,0.621,0.402,58.4,12.0
1631113,Kennedy Chandler,UTA,23.0,11,32.3,15.0,3.4,6.7,1.0,0.2,2.1,0.445,0.395,0.651,-6.3,0.5,2.8,3.5,3.9,12.5,113.3,122.6,-9.3,0.529,0.195,0.261,0.015,0.085,0.5,0.081,1000000.0,0,Minimum,0.0,0.0,0.0,0.0,0.0,0.0,13.4,PG,1.0,0.791,0.963,0.466,0.214,0.743,0.282,0.095,0.198,0.642,0.183,0.379,0.588,0.045,0.357,52.9,8.1
1630581,Josh Giddey,CHI,23.0,54,32.1,17.0,8.3,9.1,1.0,0.5,3.6,0.448,0.364,0.763,-3.5,1.2,7.1,5.2,4.2,13.3,112.1,117.1,-5.0,0.562,0.238,0.41,0.037,0.201,0.52,0.142,25000000.0,3,Multi-Year,25.0,25.0,25.0,0.0,0.0,100.0,65.9,PG,25.0,0.846,0.996,0.935,0.318,0.743,0.684,0.502,0.388,0.843,0.318,0.926,0.485,0.233,0.553,56.2,14.2
202695,Kawhi Leonard,LAC,34.0,65,32.1,27.9,6.4,3.6,1.9,0.4,2.0,0.505,0.387,0.892,5.2,1.1,5.3,6.8,6.4,19.4,120.3,112.8,7.5,0.629,0.326,0.193,0.036,0.162,0.573,0.185,50000000.0,1,Multi-Year,50.3,0.0,0.0,0.0,0.0,100.3,79.3,SF,50.0,0.988,0.794,0.858,0.721,0.984,0.582,0.672,0.838,0.987,0.887,0.99,0.955,0.581,0.716,62.9,18.5
1631157,Ryan Rollins,MIL,23.0,74,32.1,17.3,4.6,5.6,1.5,0.4,2.7,0.472,0.406,0.796,-2.4,0.7,3.8,6.1,2.1,13.9,113.3,116.5,-3.2,0.583,0.236,0.264,0.023,0.115,0.561,0.111,4000000.0,2,Multi-Year,4.0,4.0,0.0,0.0,0.0,8.0,90.2,PG,4.0,0.856,0.928,0.666,0.648,0.948,0.582,0.852,0.561,0.838,0.409,0.732,0.588,0.262,0.597,58.3,11.1
1631351,Lucas Williamson,MEM,27.0,7,32.0,10.4,5.4,2.6,1.6,0.1,1.4,0.333,0.283,1.0,-17.9,1.6,3.9,7.6,1.1,10.7,105.2,129.7,-24.5,0.465,0.159,0.108,0.042,0.127,0.433,0.044,21946.0,0,Minimum,0.0,0.0,0.0,0.0,0.0,0.02,8.5,SG,0.02,0.584,0.635,0.775,0.048,0.965,0.133,0.067,0.048,0.361,0.01,0.026,0.077,0.006,0.368,46.5,4.4
1630596,Evan Mobley,CLE,24.0,65,31.9,18.2,9.0,3.6,0.7,1.7,1.9,0.546,0.297,0.606,3.4,2.4,6.6,3.2,4.6,13.2,117.0,111.3,5.7,0.596,0.221,0.168,0.073,0.196,0.582,0.135,46394100.0,4,Multi-Year,50.11,53.82,57.53,61.24,0.0,269.09,79.3,PF,46.39,0.874,0.794,0.961,0.767,0.452,0.985,0.672,0.651,0.77,0.825,0.889,0.828,0.684,0.707,59.6,13.5
1630193,Immanuel Quickley,TOR,26.0,70,31.9,16.4,4.0,5.9,1.3,0.1,1.5,0.443,0.374,0.821,1.7,0.5,3.5,6.8,3.0,12.9,115.0,112.1,2.9,0.577,0.206,0.261,0.017,0.108,0.541,0.118,32500000.0,3,Multi-Year,32.5,32.5,32.5,0.0,0.0,130.0,85.4,PG,32.5,0.828,0.937,0.583,0.493,0.891,0.133,0.778,0.517,0.708,0.689,0.805,0.734,0.621,0.548,57.7,11.8
1631128,Christian Braun,DEN,25.0,44,31.8,12.0,4.8,2.7,0.7,0.3,1.0,0.519,0.301,0.782,6.6,1.4,3.4,3.3,2.3,8.8,124.2,114.1,10.1,0.607,0.142,0.108,0.046,0.101,0.575,0.076,4921797.0,5,Multi-Year,21.55,23.28,25.0,26.72,28.45,129.92,53.7,SG,4.92,0.666,0.664,0.686,0.737,0.452,0.443,0.386,0.711,0.244,0.937,0.307,0.988,0.435,0.443,60.7,7.6
1630183,Jaden McDaniels,MIN,25.0,73,31.7,14.8,4.2,2.7,1.1,1.0,1.8,0.515,0.412,0.835,1.6,1.0,3.2,3.4,2.4,11.1,115.5,112.4,3.1,0.611,0.182,0.121,0.033,0.094,0.579,0.088,24393104.0,3,Multi-Year,26.2,28.01,29.81,0.0,0.0,108.41,89.0,PF,24.39,0.784,0.664,0.619,0.757,0.808,0.91,0.838,0.755,0.555,0.701,0.474,0.755,0.604,0.774,61.1,8.8
203954,Joel Embiid,PHI,32.0,38,31.6,26.9,7.7,3.9,0.6,1.2,2.9,0.489,0.333,0.854,4.1,2.0,5.7,4.2,8.8,18.3,119.1,113.2,5.8,0.605,0.336,0.209,0.063,0.169,0.527,0.163,55224526.0,3,Multi-Year,58.1,62.75,67.4,0.0,0.0,176.07,46.3,C,55.22,0.981,0.838,0.925,0.365,0.331,0.944,0.313,0.702,0.992,0.83,0.984,0.915,0.537,0.604,60.5,16.3
1626162,Kelly Oubre Jr.,PHI,30.0,50,31.5,14.1,5.0,1.6,1.4,0.5,1.4,0.467,0.36,0.766,-1.3,1.0,4.0,4.8,2.9,10.9,115.2,117.2,-1.9,0.58,0.179,0.073,0.031,0.121,0.546,0.083,8382150.0,0,Expiring,0.0,0.0,0.0,0.0,0.0,8.38,61.0,SF,8.38,0.761,0.397,0.714,0.525,0.92,0.684,0.451,0.54,0.526,0.47,0.411,0.743,0.225,0.61,58.0,8.3
1642851,Kon Knueppel,CHA,20.0,81,31.5,18.5,5.3,3.4,0.7,0.2,2.0,0.475,0.425,0.863,4.0,1.2,4.1,7.9,2.8,13.4,119.2,113.0,6.2,0.633,0.216,0.158,0.036,0.128,0.601,0.115,10015680.0,3,Multi-Year,10.52,11.02,13.94,0.0,0.0,20.53,98.8,SF,10.02,0.881,0.774,0.76,0.848,0.452,0.282,0.961,0.857,0.755,0.852,0.781,0.919,0.558,0.431,63.3,11.5
203897,Zach LaVine,SAC,31.0,39,31.4,19.2,2.8,2.3,0.7,0.3,1.9,0.479,0.39,0.88,-7.9,0.2,2.6,6.5,3.6,14.0,109.3,121.9,-12.6,0.614,0.234,0.111,0.006,0.083,0.569,0.096,47499660.0,1,Multi-Year,48.97,0.0,0.0,0.0,0.0,47.5,47.6,SG,47.5,0.891,0.573,0.327,0.698,0.452,0.443,0.327,0.773,0.831,0.082,0.579,0.253,0.063,0.319,61.4,9.6
1629639,Tyler Herro,MIA,26.0,33,31.3,20.5,4.8,4.1,0.7,0.4,1.9,0.48,0.378,0.917,-1.2,0.4,4.4,6.7,3.3,15.6,114.4,116.4,-2.0,0.602,0.248,0.199,0.013,0.129,0.561,0.122,31000000.0,1,Multi-Year,33.0,0.0,0.0,0.0,0.0,64.0,40.2,SG,31.0,0.922,0.855,0.686,0.648,0.452,0.582,0.252,0.69,0.872,0.461,0.828,0.688,0.265,0.433,60.2,12.2
203497,Rudy Gobert,MIN,33.0,76,31.3,10.9,11.5,1.7,0.8,1.6,1.4,0.682,0.0,0.526,3.1,3.9,7.5,0.1,4.0,6.5,113.0,108.0,5.0,0.664,0.127,0.074,0.121,0.222,0.682,0.121,35000000.0,2,Multi-Year,36.5,38.0,0.0,0.0,0.0,71.5,92.7,C,35.0,0.607,0.425,0.993,0.973,0.552,0.977,0.887,0.922,0.13,0.803,0.819,0.553,0.899,0.809,66.4,12.1
1629614,Andrew Nembhard,IND,26.0,57,31.3,16.9,2.8,7.7,0.9,0.1,2.4,0.442,0.361,0.825,-6.9,0.4,2.4,5.2,4.1,13.2,109.3,119.3,-10.0,0.564,0.233,0.37,0.013,0.075,0.513,0.111,18102000.0,2,Multi-Year,19.55,21.0,0.0,0.0,0.0,58.65,69.5,PG,18.1,0.843,0.983,0.327,0.278,0.653,0.133,0.552,0.404,0.828,0.155,0.732,0.253,0.134,0.307,56.4,11.1
203076,Anthony Davis,WAS,33.0,20,31.3,20.4,11.1,2.8,1.1,1.7,2.1,0.506,0.27,0.728,-2.5,3.1,8.0,1.9,4.1,16.7,110.0,114.6,-4.6,0.551,0.272,0.14,0.099,0.24,0.521,0.151,54126450.0,2,Multi-Year,58.46,62.79,0.0,0.0,0.0,112.58,24.4,PF,54.13,0.919,0.683,0.986,0.331,0.808,0.985,0.162,0.327,0.934,0.33,0.956,0.303,0.403,0.732,55.1,15.1
1630180,Saddiq Bey,NOP,27.0,72,31.2,17.7,5.6,2.5,0.9,0.1,0.9,0.451,0.367,0.841,-2.6,1.7,3.9,5.7,4.1,13.4,113.3,116.8,-3.6,0.579,0.213,0.12,0.051,0.12,0.529,0.112,6118644.0,1,Multi-Year,6.44,0.0,0.0,0.0,0.0,12.56,87.8,SF,6.12,0.866,0.61,0.804,0.382,0.653,0.133,0.818,0.531,0.74,0.388,0.743,0.588,0.247,0.344,57.9,11.2
201942,DeMar DeRozan,SAC,36.0,77,31.2,18.4,2.9,4.1,1.0,0.3,1.2,0.497,0.32,0.868,-7.6,0.5,2.5,1.9,5.6,13.1,110.6,122.3,-11.7,0.594,0.222,0.196,0.015,0.081,0.52,0.111,24570000.0,1,Multi-Year,25.74,0.0,0.0,0.0,0.0,24.57,93.9,PF,24.57,0.878,0.855,0.347,0.318,0.743,0.443,0.91,0.634,0.775,0.1,0.732,0.368,0.052,0.413,59.4,11.1
202710,Jimmy Butler III,GSW,36.0,38,31.1,20.0,5.6,4.9,1.4,0.2,1.6,0.519,0.376,0.864,4.9,2.3,3.2,2.2,7.6,12.2,116.6,109.2,7.3,0.646,0.226,0.24,0.073,0.101,0.554,0.155,1000000.0,0,Minimum,0.0,0.0,0.0,0.0,0.0,0.0,46.3,?,1.0,0.904,0.89,0.804,0.593,0.92,0.282,0.313,0.895,0.798,0.884,0.971,0.809,0.841,0.681,64.6,15.5
1629023,P.J. Washington,DAL,27.0,56,31.0,14.2,7.0,1.8,1.0,1.1,1.7,0.45,0.325,0.687,-4.9,1.5,5.5,4.2,3.3,11.8,107.0,114.4,-7.3,0.537,0.194,0.082,0.045,0.162,0.508,0.093,14152174.0,4,Multi-Year,19.81,21.4,22.98,24.57,0.0,102.91,68.3,PF,14.15,0.766,0.452,0.895,0.249,0.743,0.93,0.531,0.239,0.634,0.247,0.542,0.129,0.414,0.696,53.7,9.3
1630168,Onyeka Okongwu,ATL,25.0,74,31.0,15.2,7.6,3.1,1.1,1.1,1.7,0.48,0.376,0.757,1.5,1.9,5.7,5.2,2.7,11.6,113.4,111.3,2.1,0.592,0.189,0.14,0.058,0.178,0.564,0.104,15000000.0,2,Multi-Year,16.12,16.88,0.0,0.0,0.0,48.0,90.2,C,15.0,0.799,0.726,0.92,0.672,0.808,0.93,0.852,0.622,0.603,0.656,0.653,0.596,0.684,0.807,59.2,10.4
1628970,Miles Bridges,CHA,28.0,77,31.0,17.1,5.8,3.2,0.6,0.4,1.4,0.46,0.333,0.822,1.9,1.0,4.9,5.8,3.3,13.5,118.3,114.8,3.5,0.57,0.221,0.154,0.03,0.155,0.531,0.114,25000000.0,1,Multi-Year,22.83,0.0,0.0,0.0,0.0,47.83,93.9,PF,25.0,0.851,0.736,0.833,0.407,0.331,0.582,0.91,0.453,0.77,0.733,0.768,0.887,0.381,0.431,57.0,11.4
1626157,Karl-Anthony Towns,NYK,30.0,75,31.0,20.1,11.9,3.0,0.9,0.5,2.5,0.501,0.368,0.858,5.0,3.1,8.7,4.1,5.5,13.8,118.8,111.8,7.0,0.619,0.251,0.142,0.101,0.283,0.556,0.154,53142264.0,2,Multi-Year,57.08,61.02,0.0,0.0,0.0,110.22,91.5,C,53.14,0.909,0.712,0.998,0.607,0.653,0.684,0.871,0.795,0.878,0.878,0.966,0.906,0.649,0.662,61.9,15.4
1628368,De'Aaron Fox,SAS,28.0,72,31.0,18.6,3.8,6.2,1.2,0.3,2.3,0.486,0.332,0.76,6.3,0.6,3.2,5.5,3.4,14.5,118.8,108.9,9.9,0.578,0.242,0.286,0.018,0.092,0.549,0.117,37096620.0,4,Multi-Year,49.8,53.78,57.77,61.75,0.0,260.2,87.8,PG,37.1,0.884,0.949,0.542,0.552,0.858,0.443,0.818,0.523,0.85,0.933,0.796,0.906,0.861,0.721,57.8,11.7
1642882,Julian Reese,WAS,22.0,13,30.9,11.8,10.5,1.8,1.4,0.6,2.5,0.529,0.0,0.636,-8.6,4.2,6.3,0.0,3.4,9.2,110.8,122.6,-11.8,0.557,0.173,0.084,0.133,0.219,0.529,0.092,1000000.0,0,Minimum,0.0,0.0,0.0,0.0,0.0,0.0,15.9,PF,1.0,0.652,0.452,0.978,0.382,0.92,0.754,0.114,0.356,0.466,0.096,0.524,0.383,0.045,0.573,55.7,9.2
201939,Stephen Curry,GSW,38.0,43,30.9,26.6,3.6,4.7,1.1,0.4,2.8,0.468,0.393,0.923,2.1,0.4,3.2,11.3,5.1,18.6,117.6,114.8,2.8,0.637,0.308,0.245,0.013,0.1,0.587,0.146,59606817.0,1,Multi-Year,62.59,0.0,0.0,0.0,0.0,122.19,52.4,PG,59.61,0.977,0.878,0.512,0.784,0.808,0.582,0.371,0.872,0.975,0.686,0.941,0.854,0.381,0.59,63.7,14.6
1631117,Walker Kessler,UTA,24.0,5,30.8,14.4,10.8,3.0,1.4,1.8,3.2,0.703,0.75,0.7,2.8,4.6,6.2,1.6,4.0,7.4,118.8,114.0,4.8,0.786,0.167,0.155,0.149,0.183,0.784,0.138,4878938.0,0,Expiring,0.0,0.0,0.0,0.0,0.0,4.88,6.1,C,4.88,0.777,0.712,0.983,0.999,0.92,0.99,0.043,1.0,0.427,0.797,0.903,0.906,0.451,0.787,78.6,13.8
202331,Paul George,PHI,35.0,37,30.7,17.3,5.3,3.6,1.7,0.4,1.7,0.439,0.392,0.82,2.4,0.5,4.8,6.9,3.0,13.9,115.0,111.4,3.6,0.57,0.229,0.175,0.017,0.147,0.536,0.117,51666090.0,2,Multi-Year,54.13,56.59,0.0,0.0,0.0,105.79,45.1,PF,51.67,0.856,0.794,0.76,0.449,0.976,0.582,0.296,0.453,0.813,0.74,0.796,0.734,0.679,0.746,57.0,11.7
1641727,Dariq Whitehead,MEM,21.0,6,30.5,16.3,4.0,1.5,0.7,0.0,1.7,0.398,0.317,0.714,-16.5,0.3,3.7,10.0,1.2,15.5,102.5,126.5,-24.1,0.51,0.231,0.078,0.009,0.12,0.5,0.062,3262560.0,0,Expiring,0.0,0.0,0.0,0.0,0.0,3.26,7.3,SF,3.26,0.823,0.361,0.583,0.214,0.452,0.032,0.056,0.113,0.823,0.013,0.14,0.031,0.019,0.168,51.0,6.2
1629661,Cameron Johnson,DEN,30.0,54,30.5,12.2,3.8,2.4,0.7,0.4,0.9,0.48,0.43,0.839,6.4,0.8,3.0,4.7,2.1,8.8,124.2,114.7,9.5,0.629,0.144,0.098,0.027,0.095,0.596,0.075,21057065.0,1,Multi-Year,23.06,0.0,0.0,0.0,0.0,44.12,65.9,SF,21.06,0.679,0.591,0.542,0.813,0.452,0.582,0.502,0.838,0.264,0.927,0.296,0.988,0.394,0.476,62.9,7.5
1630170,Devin Vassell,SAS,25.0,67,30.5,13.9,4.0,2.5,0.9,0.4,0.9,0.437,0.384,0.815,7.3,0.6,3.4,6.4,1.9,11.3,121.3,109.9,11.4,0.574,0.176,0.107,0.019,0.102,0.547,0.087,27000000.0,3,Multi-Year,27.0,24.65,27.0,0.0,0.0,105.65,81.7,SG,27.0,0.753,0.61,0.583,0.531,0.653,0.582,0.711,0.493,0.492,0.951,0.459,0.969,0.81,0.682,57.4,8.7
1628978,Donte DiVincenzo,MIN,29.0,82,30.4,12.2,4.1,3.8,1.3,0.4,1.4,0.406,0.379,0.743,4.1,0.8,3.3,7.9,1.3,10.2,116.3,110.0,6.2,0.567,0.164,0.164,0.026,0.1,0.552,0.084,11990000.0,1,Multi-Year,12.54,0.0,0.0,0.0,0.0,24.52,100.0,SG,11.99,0.679,0.826,0.604,0.578,0.891,0.582,0.982,0.425,0.407,0.852,0.422,0.8,0.796,0.756,56.7,8.4
1630286,Trevon Scott,BKN,29.0,6,30.4,8.0,5.2,1.7,1.3,0.8,0.7,0.38,0.316,0.667,-10.8,1.7,3.5,3.2,1.0,8.3,105.8,122.8,-16.9,0.456,0.136,0.078,0.053,0.133,0.44,0.053,1000000.0,0,Minimum,0.0,0.0,0.0,0.0,0.0,0.0,7.3,?,1.0,0.405,0.425,0.746,0.06,0.891,0.849,0.056,0.041,0.189,0.036,0.069,0.09,0.04,0.593,45.6,5.3
1628415,Dillon Brooks,PHX,30.0,56,30.4,20.2,3.6,1.8,1.0,0.2,1.8,0.435,0.344,0.842,-0.9,0.8,2.9,6.6,3.6,17.1,113.7,114.8,-1.1,0.54,0.279,0.095,0.024,0.094,0.501,0.088,21124110.0,1,Multi-Year,19.99,0.0,0.0,0.0,0.0,41.12,68.3,SF,21.12,0.915,0.452,0.512,0.221,0.743,0.282,0.531,0.258,0.942,0.495,0.474,0.627,0.381,0.469,54.0,8.8
203952,Andrew Wiggins,MIA,31.0,68,30.3,15.4,4.8,2.7,1.1,1.0,1.5,0.475,0.414,0.784,0.1,1.7,3.1,4.9,2.4,12.1,113.7,113.9,-0.1,0.586,0.194,0.123,0.051,0.098,0.559,0.092,28223215.0,1,Multi-Year,30.17,0.0,0.0,0.0,0.0,28.22,82.9,SF,28.22,0.806,0.664,0.686,0.628,0.808,0.91,0.729,0.583,0.634,0.538,0.524,0.627,0.46,0.726,58.6,9.2
1629628,RJ Barrett,TOR,25.0,57,30.3,19.3,5.3,3.3,0.7,0.3,1.7,0.491,0.339,0.717,2.9,1.0,4.3,5.0,4.9,14.3,118.4,113.5,4.9,0.585,0.254,0.157,0.033,0.141,0.55,0.112,27705357.0,1,Multi-Year,29.62,0.0,0.0,0.0,0.0,57.32,69.5,SF,27.71,0.893,0.755,0.76,0.56,0.452,0.443,0.552,0.573,0.889,0.799,0.743,0.891,0.513,0.469,58.5,11.2
1641706,Brandon Miller,CHA,23.0,65,30.3,20.2,4.9,3.3,1.0,0.7,2.5,0.435,0.383,0.892,5.7,1.1,3.8,8.2,3.4,16.1,119.8,111.3,8.5,0.574,0.272,0.173,0.034,0.122,0.533,0.113,11968800.0,1,Multi-Year,15.1,0.0,0.0,0.0,0.0,27.07,79.3,SF,11.97,0.915,0.755,0.699,0.423,0.743,0.801,0.672,0.493,0.934,0.914,0.756,0.942,0.684,0.743,57.4,11.3
1628991,Jaren Jackson Jr.,UTA,26.0,48,30.3,19.4,5.7,2.0,1.1,1.4,2.2,0.476,0.357,0.803,-1.3,0.9,4.8,4.9,4.2,15.0,108.7,110.8,-2.0,0.576,0.253,0.105,0.027,0.14,0.534,0.107,35000000.0,4,Multi-Year,49.0,50.5,52.0,53.5,0.0,186.5,54.9,C,35.0,0.895,0.506,0.82,0.435,0.808,0.958,0.398,0.512,0.887,0.461,0.687,0.225,0.726,0.831,57.6,10.7
1642380,Adama Bal,MEM,22.0,8,30.2,10.4,3.1,2.4,1.1,0.1,0.8,0.412,0.409,0.9,-20.8,0.8,2.4,5.5,1.3,8.5,99.6,130.0,-30.3,0.573,0.134,0.119,0.022,0.08,0.544,0.052,1000000.0,0,Minimum,0.0,0.0,0.0,0.0,0.0,0.0,9.8,?,1.0,0.584,0.591,0.398,0.512,0.808,0.133,0.072,0.477,0.169,0.004,0.063,0.017,0.004,0.315,57.3,5.2
1628404,Josh Hart,NYK,31.0,66,30.2,12.0,7.4,4.8,1.1,0.3,1.9,0.508,0.413,0.72,3.2,1.4,6.0,3.7,1.9,9.0,118.0,112.5,5.5,0.612,0.163,0.212,0.047,0.2,0.593,0.118,19472240.0,2,Multi-Year,20.92,22.38,0.0,0.0,0.0,40.4,80.5,SF,19.47,0.666,0.885,0.908,0.805,0.808,0.443,0.694,0.76,0.4,0.819,0.805,0.875,0.597,0.616,61.2,11.8
1627826,Ivica Zubac,IND,29.0,48,30.1,14.1,10.6,2.2,0.4,0.8,1.8,0.598,0.0,0.711,-1.0,3.4,7.2,0.0,3.0,10.0,115.6,117.9,-2.4,0.622,0.186,0.11,0.117,0.234,0.598,0.13,18893980.0,2,Multi-Year,20.34,21.79,0.0,0.0,0.0,61.03,52.4,C,18.89,0.761,0.552,0.981,0.822,0.132,0.849,0.371,0.808,0.59,0.442,0.872,0.76,0.183,0.388,62.2,13.0
1630532,Franz Wagner,ORL,24.0,34,30.0,20.6,5.2,3.3,0.9,0.3,1.7,0.481,0.345,0.823,2.4,1.3,3.9,4.1,5.8,14.9,114.2,110.6,3.6,0.588,0.256,0.175,0.041,0.128,0.529,0.134,38661750.0,4,Multi-Year,41.75,44.85,47.94,51.03,0.0,224.24,41.5,SF,38.66,0.925,0.755,0.746,0.382,0.653,0.443,0.263,0.594,0.893,0.74,0.884,0.67,0.754,0.617,58.8,13.4
1642264,Stephon Castle,SAS,21.0,68,30.0,16.7,5.3,7.4,1.1,0.3,3.2,0.471,0.332,0.734,6.0,1.4,3.9,3.6,5.6,12.0,118.2,108.4,9.8,0.575,0.243,0.344,0.047,0.119,0.521,0.117,9560520.0,2,Multi-Year,10.02,12.67,0.0,0.0,0.0,19.58,82.9,PG,9.56,0.838,0.98,0.76,0.331,0.808,0.443,0.729,0.505,0.853,0.931,0.796,0.884,0.877,0.709,57.5,11.7
1631097,Bennedict Mathurin,LAC,23.0,54,30.0,17.6,5.4,2.4,0.8,0.2,2.2,0.43,0.315,0.869,-2.7,1.0,4.4,4.4,6.2,12.5,111.4,115.3,-3.9,0.575,0.246,0.123,0.034,0.142,0.485,0.105,9187573.0,0,Expiring,0.0,0.0,0.0,0.0,0.0,9.19,34.1,SF,9.19,0.864,0.591,0.775,0.156,0.552,0.282,0.205,0.505,0.865,0.37,0.665,0.422,0.336,0.39,57.5,10.5
1629636,Darius Garland,LAC,26.0,45,29.9,18.8,2.4,6.7,1.0,0.2,2.9,0.46,0.396,0.861,1.9,0.4,2.0,6.8,2.7,14.9,117.9,115.2,2.6,0.582,0.266,0.322,0.013,0.063,0.551,0.112,39446090.0,2,Multi-Year,42.17,44.89,0.0,0.0,0.0,126.5,31.7,PG,39.45,0.889,0.963,0.231,0.569,0.743,0.282,0.193,0.556,0.925,0.679,0.743,0.867,0.348,0.458,58.2,11.2
1641710,Anthony Black,ORL,22.0,64,29.8,15.0,3.8,3.7,1.4,0.7,2.1,0.447,0.333,0.732,-0.2,0.7,3.1,4.7,3.6,12.1,113.3,113.1,0.2,0.549,0.219,0.185,0.024,0.101,0.512,0.09,7970280.0,1,Multi-Year,10.11,0.0,0.0,0.0,0.0,18.08,78.0,PG,7.97,0.791,0.81,0.542,0.274,0.92,0.801,0.647,0.314,0.763,0.562,0.499,0.588,0.545,0.755,54.9,9.0
203468,CJ McCollum,ATL,34.0,76,29.8,18.7,3.3,3.9,0.8,0.5,1.8,0.455,0.375,0.772,1.2,0.8,2.5,6.7,3.1,15.2,113.6,112.0,1.5,0.566,0.247,0.194,0.025,0.077,0.538,0.105,30666666.0,0,Expiring,0.0,0.0,0.0,0.0,0.0,30.67,50.0,PG,30.67,0.887,0.838,0.44,0.465,0.552,0.684,0.343,0.416,0.868,0.626,0.665,0.615,0.633,0.623,56.6,10.5
1627734,Domantas Sabonis,SAC,29.0,19,29.7,15.8,11.4,4.1,0.9,0.2,2.7,0.543,0.185,0.727,-9.3,3.4,8.0,1.4,4.1,11.6,110.0,123.9,-13.9,0.59,0.223,0.209,0.108,0.283,0.554,0.131,42336000.0,2,Multi-Year,45.47,48.61,0.0,0.0,0.0,136.42,23.2,C,42.34,0.812,0.855,0.99,0.593,0.653,0.282,0.157,0.608,0.78,0.059,0.876,0.303,0.031,0.322,59.0,13.1
1630174,Aaron Nesmith,IND,26.0,45,29.7,13.8,4.2,1.9,0.6,0.5,1.4,0.414,0.379,0.829,-4.5,1.1,3.1,6.2,2.5,11.4,111.1,118.4,-7.3,0.554,0.19,0.091,0.034,0.102,0.517,0.067,11000000.0,3,Multi-Year,11.0,19.42,20.97,0.0,0.0,62.39,54.9,SF,11.0,0.747,0.479,0.619,0.301,0.331,0.684,0.398,0.343,0.61,0.247,0.18,0.401,0.164,0.393,55.4,6.7
203924,Jerami Grant,POR,32.0,57,29.7,18.6,3.5,2.1,0.7,0.6,2.1,0.453,0.389,0.814,-0.1,1.0,2.5,6.1,5.6,12.8,114.9,115.2,-0.3,0.608,0.228,0.107,0.03,0.082,0.547,0.094,32000001.0,2,Multi-Year,34.21,36.41,0.0,0.0,0.0,66.21,69.5,PF,32.0,0.884,0.53,0.49,0.531,0.452,0.754,0.552,0.719,0.81,0.527,0.559,0.724,0.348,0.518,60.8,9.4
1629627,Zion Williamson,NOP,25.0,62,29.7,21.0,5.7,3.2,1.0,0.5,2.0,0.6,0.25,0.716,-1.3,2.0,3.7,0.1,7.5,13.0,113.0,114.9,-1.9,0.644,0.25,0.174,0.064,0.116,0.6,0.141,39446090.0,2,Multi-Year,42.17,44.89,0.0,0.0,0.0,126.5,75.6,PF,39.45,0.934,0.736,0.82,0.841,0.743,0.684,0.613,0.891,0.876,0.47,0.917,0.553,0.368,0.598,64.4,14.1
1626181,Norman Powell,MIA,32.0,58,29.6,21.7,3.5,2.5,1.1,0.2,1.9,0.47,0.38,0.827,0.7,0.4,3.1,7.1,5.5,15.4,114.7,114.1,0.6,0.609,0.262,0.123,0.012,0.097,0.558,0.113,20482758.0,0,Expiring,0.0,0.0,0.0,0.0,0.0,20.48,70.7,SG,20.48,0.943,0.61,0.49,0.622,0.808,0.282,0.567,0.734,0.91,0.585,0.756,0.713,0.435,0.508,60.9,11.3
1631212,Peyton Watson,DEN,23.0,54,29.6,14.6,4.9,2.1,0.9,1.1,1.7,0.491,0.411,0.73,3.6,0.9,4.0,3.6,3.5,10.8,123.7,117.6,6.2,0.594,0.204,0.096,0.033,0.127,0.56,0.087,4356476.0,0,Expiring,0.0,0.0,0.0,0.0,0.0,4.36,65.9,SF,4.36,0.78,0.53,0.699,0.635,0.653,0.93,0.502,0.634,0.702,0.852,0.459,0.985,0.198,0.594,59.4,8.7
1630230,Naji Marshall,DAL,28.0,74,29.5,15.2,4.7,3.3,1.1,0.1,1.6,0.51,0.291,0.76,-2.9,0.9,3.8,2.9,4.1,11.1,109.7,114.3,-4.6,0.592,0.2,0.162,0.028,0.12,0.548,0.106,9000000.0,1,Multi-Year,9.43,0.0,0.0,0.0,0.0,18.43,90.2,SF,9.0,0.799,0.755,0.675,0.543,0.808,0.133,0.852,0.622,0.679,0.33,0.677,0.284,0.421,0.454,59.2,10.6
1629656,Quentin Grimes,PHI,25.0,75,29.4,13.4,3.6,3.3,0.9,0.4,1.8,0.45,0.334,0.84,0.1,0.6,3.0,5.1,3.2,10.1,112.3,112.4,-0.1,0.585,0.183,0.159,0.02,0.096,0.534,0.092,8741209.0,0,Expiring,0.0,0.0,0.0,0.0,0.0,8.74,91.5,SG,8.74,0.719,0.755,0.512,0.435,0.653,0.582,0.871,0.573,0.566,0.538,0.524,0.5,0.604,0.613,58.5,9.2
1631101,Shaedon Sharpe,POR,22.0,50,29.4,20.8,4.3,2.6,1.4,0.1,2.9,0.452,0.337,0.787,-1.0,1.0,3.3,6.1,3.9,17.4,112.4,113.7,-1.3,0.546,0.293,0.151,0.032,0.104,0.511,0.108,8399983.0,4,Multi-Year,20.09,21.7,23.3,24.91,0.0,98.4,61.0,SG,8.4,0.928,0.635,0.632,0.269,0.92,0.133,0.451,0.298,0.96,0.485,0.695,0.507,0.481,0.511,54.6,10.8
201950,Jrue Holiday,POR,35.0,53,29.4,16.3,4.6,6.1,1.0,0.1,2.8,0.451,0.378,0.838,3.7,1.3,3.3,6.8,2.0,13.4,114.6,108.6,6.1,0.573,0.227,0.302,0.042,0.108,0.548,0.124,32400000.0,2,Multi-Year,34.8,37.2,0.0,0.0,0.0,67.2,64.6,PG,32.4,0.823,0.944,0.666,0.543,0.743,0.133,0.486,0.477,0.805,0.842,0.844,0.701,0.87,0.582,57.3,12.4
1628976,Wendell Carter Jr.,ORL,27.0,78,29.3,11.8,7.4,2.0,0.8,0.6,1.3,0.512,0.319,0.792,1.2,2.1,5.3,2.9,3.2,8.2,113.5,111.3,2.2,0.617,0.156,0.095,0.07,0.177,0.568,0.096,10850000.0,3,Multi-Year,18.1,19.55,21.0,0.0,0.0,48.5,95.1,C,10.85,0.652,0.506,0.908,0.692,0.552,0.754,0.936,0.788,0.336,0.662,0.579,0.605,0.684,0.663,61.7,9.6
1641705,Victor Wembanyama,SAS,22.0,64,29.2,25.0,11.5,3.1,1.0,3.1,2.4,0.512,0.349,0.827,10.7,2.0,9.5,5.5,7.0,16.9,120.5,103.6,17.0,0.626,0.316,0.17,0.071,0.285,0.569,0.209,13376880.0,1,Multi-Year,16.87,0.0,0.0,0.0,0.0,30.25,78.0,C,13.38,0.966,0.726,0.993,0.698,0.743,1.0,0.647,0.823,0.983,0.994,0.996,0.962,0.975,0.906,62.6,20.9
1641824,Matas Buzelis,CHI,21.0,77,29.2,16.3,5.8,2.1,0.7,1.5,2.1,0.463,0.349,0.786,-4.0,1.0,4.8,6.4,3.1,12.5,110.6,116.9,-6.3,0.586,0.223,0.103,0.033,0.152,0.553,0.097,5455560.0,2,Multi-Year,5.72,7.58,0.0,0.0,0.0,11.17,93.9,PF,5.46,0.823,0.53,0.833,0.586,0.452,0.965,0.91,0.583,0.78,0.285,0.588,0.368,0.241,0.553,58.6,9.7
1631260,AJ Green,MIL,26.0,78,29.1,10.4,2.7,1.9,0.5,0.1,1.0,0.424,0.419,0.855,-1.9,0.4,2.4,7.1,0.8,7.9,113.1,116.7,-3.6,0.627,0.135,0.09,0.013,0.08,0.612,0.058,1000000.0,0,Minimum,0.0,0.0,0.0,0.0,0.0,0.0,95.1,?,1.0,0.584,0.479,0.306,0.865,0.217,0.133,0.936,0.827,0.175,0.388,0.107,0.567,0.255,0.202,62.7,5.8
1631108,Max Christie,DAL,23.0,77,29.1,12.3,3.2,2.0,0.6,0.4,1.2,0.441,0.404,0.899,-4.4,0.2,3.0,5.8,1.8,9.4,108.3,115.2,-6.9,0.601,0.162,0.095,0.006,0.097,0.566,0.079,7714286.0,2,Multi-Year,8.29,8.86,0.0,0.0,0.0,16.0,93.9,SG,7.71,0.688,0.506,0.415,0.679,0.331,0.582,0.91,0.688,0.392,0.26,0.355,0.198,0.348,0.42,60.1,7.9
1642273,Kyshawn George,WAS,22.0,48,29.0,14.8,5.1,4.5,1.0,0.9,2.6,0.438,0.381,0.802,-7.4,0.9,4.2,5.4,2.7,12.0,108.3,119.7,-11.5,0.559,0.222,0.226,0.028,0.135,0.524,0.09,2966760.0,2,Multi-Year,3.11,5.44,0.0,0.0,0.0,6.07,58.5,SF,2.97,0.784,0.869,0.732,0.349,0.743,0.886,0.427,0.366,0.775,0.104,0.499,0.198,0.122,0.584,55.9,9.0
203507,Giannis Antetokounmpo,MIL,31.0,36,28.9,27.6,9.8,5.4,0.9,0.7,3.2,0.624,0.333,0.65,2.7,2.7,7.1,1.3,9.9,16.6,119.4,114.9,4.4,0.658,0.358,0.344,0.098,0.233,0.636,0.213,54126450.0,2,Multi-Year,58.46,62.79,0.0,0.0,0.0,112.58,43.9,PF,54.13,0.983,0.913,0.966,0.913,0.653,0.801,0.284,0.916,0.998,0.781,0.999,0.933,0.368,0.607,65.8,21.3
1631096,Chet Holmgren,OKC,23.0,69,28.9,17.1,8.9,1.7,0.6,1.9,1.6,0.557,0.362,0.792,9.8,1.9,7.0,3.5,4.1,11.3,118.4,102.3,16.1,0.653,0.214,0.082,0.067,0.221,0.614,0.154,13731368.0,5,Multi-Year,41.5,44.82,48.14,51.46,54.78,254.43,84.1,PF,13.73,0.851,0.425,0.957,0.876,0.331,0.994,0.753,0.907,0.747,0.99,0.966,0.891,0.988,0.771,65.3,15.4
1641778,Leaky Black,WAS,26.0,15,28.9,7.1,5.0,1.5,1.2,0.5,0.9,0.388,0.345,0.875,-6.8,1.0,4.0,3.7,0.5,6.9,109.6,119.5,-9.9,0.498,0.113,0.064,0.032,0.14,0.481,0.051,1000000.0,0,Minimum,0.0,0.0,0.0,0.0,0.0,0.0,18.3,SF,1.0,0.329,0.361,0.714,0.136,0.858,0.684,0.136,0.091,0.068,0.159,0.056,0.279,0.127,0.556,49.8,5.1
201566,Russell Westbrook,SAC,37.0,64,28.9,15.2,5.4,6.7,1.3,0.2,3.3,0.427,0.338,0.694,-7.1,1.3,4.2,5.9,2.9,13.1,110.0,122.1,-12.1,0.528,0.252,0.33,0.042,0.147,0.503,0.105,2296274.0,0,Expiring,0.0,0.0,0.0,0.0,0.0,2.3,78.0,SF,2.3,0.799,0.963,0.775,0.231,0.891,0.282,0.647,0.194,0.883,0.093,0.665,0.303,0.06,0.411,52.8,10.5
1628960,Grayson Allen,PHX,30.0,51,28.8,16.5,3.0,3.8,1.4,0.3,1.6,0.403,0.349,0.857,0.4,0.7,2.3,8.9,3.3,13.1,113.9,113.8,0.1,0.568,0.231,0.206,0.023,0.081,0.522,0.105,16875000.0,2,Multi-Year,18.12,19.38,0.0,0.0,0.0,35.0,62.2,SG,16.88,0.831,0.826,0.373,0.342,0.92,0.443,0.463,0.436,0.823,0.553,0.665,0.65,0.469,0.611,56.8,10.5
1630558,Davion Mitchell,MIA,27.0,70,28.6,9.3,2.7,6.5,1.0,0.2,1.5,0.49,0.395,0.646,2.9,0.5,2.2,3.3,0.9,7.6,117.2,113.0,4.2,0.582,0.137,0.285,0.015,0.072,0.574,0.083,11600000.0,1,Multi-Year,12.4,0.0,0.0,0.0,0.0,24.0,85.4,PG,11.6,0.516,0.954,0.306,0.73,0.743,0.282,0.778,0.556,0.203,0.776,0.411,0.841,0.558,0.528,58.2,8.3
1631221,Collin Gillespie,PHX,26.0,80,28.5,12.7,4.1,4.6,1.2,0.2,1.6,0.418,0.401,0.874,2.5,1.1,3.0,7.2,1.1,10.5,113.7,110.0,3.7,0.575,0.181,0.228,0.036,0.107,0.556,0.108,2296274.0,0,Expiring,0.0,0.0,0.0,0.0,0.0,2.3,97.6,PG,2.3,0.702,0.873,0.604,0.607,0.858,0.282,0.955,0.505,0.543,0.747,0.695,0.627,0.796,0.645,57.5,10.8
203935,Marcus Smart,LAL,32.0,62,28.5,9.3,2.8,3.0,1.4,0.4,1.5,0.395,0.331,0.822,4.1,0.6,2.2,4.7,2.1,7.7,117.3,110.6,6.8,0.543,0.151,0.133,0.022,0.077,0.497,0.059,19920855.0,1,Multi-Year,5.39,0.0,0.0,0.0,0.0,14.79,75.6,SG,19.92,0.516,0.712,0.327,0.203,0.92,0.582,0.613,0.276,0.301,0.875,0.113,0.848,0.754,0.752,54.3,5.9
1631114,Jalen Williams,OKC,25.0,33,28.4,17.1,4.6,5.5,1.2,0.3,1.9,0.484,0.299,0.837,6.9,0.8,3.8,2.3,3.9,13.5,118.1,106.4,11.7,0.56,0.252,0.274,0.029,0.124,0.51,0.135,6580997.0,5,Multi-Year,41.5,44.82,48.14,51.46,54.78,247.28,40.2,SG,6.58,0.851,0.921,0.666,0.263,0.858,0.443,0.252,0.37,0.883,0.959,0.889,0.881,0.934,0.745,56.0,13.5
1626220,Royce O'Neale,PHX,32.0,78,28.4,9.8,4.8,2.7,1.1,0.4,1.3,0.421,0.408,0.711,-1.4,0.8,4.0,6.7,0.5,8.0,111.4,115.1,-3.6,0.596,0.139,0.129,0.025,0.139,0.59,0.082,10125000.0,2,Multi-Year,10.88,11.62,0.0,0.0,0.0,32.62,95.1,SF,10.12,0.541,0.664,0.686,0.791,0.808,0.582,0.936,0.651,0.216,0.388,0.395,0.422,0.355,0.582,59.6,8.2
202696,Nikola Vučević,BOS,35.0,64,28.4,15.1,8.4,3.3,0.6,0.6,1.3,0.493,0.369,0.828,-0.7,2.0,6.4,4.2,1.5,12.5,113.1,114.8,-1.7,0.574,0.213,0.175,0.067,0.211,0.556,0.127,21481481.0,0,Expiring,0.0,0.0,0.0,0.0,0.0,21.48,58.5,C,21.48,0.795,0.755,0.941,0.607,0.331,0.754,0.427,0.493,0.74,0.475,0.853,0.567,0.381,0.489,57.4,12.7
1629630,Ja Morant,MEM,26.0,20,28.4,19.5,3.3,8.1,1.0,0.3,3.6,0.41,0.235,0.897,-2.5,0.4,2.9,4.3,5.9,16.1,109.5,113.9,-4.4,0.521,0.305,0.447,0.013,0.096,0.441,0.128,39446090.0,2,Multi-Year,42.17,44.89,0.0,0.0,0.0,126.5,24.4,PG,39.45,0.898,0.992,0.44,0.063,0.743,0.443,0.162,0.156,0.969,0.345,0.861,0.271,0.46,0.549,52.1,12.8
1630529,Herbert Jones,NOP,27.0,56,28.4,8.9,3.4,2.8,1.6,0.5,1.3,0.383,0.309,0.806,-0.9,0.8,2.6,4.6,1.1,8.5,113.5,114.4,-0.9,0.491,0.153,0.13,0.029,0.09,0.467,0.053,13937574.0,4,Multi-Year,14.9,20.86,22.53,24.2,0.0,72.22,68.3,SF,13.94,0.487,0.683,0.466,0.102,0.965,0.684,0.531,0.079,0.319,0.505,0.069,0.605,0.414,0.688,49.1,5.3
1641764,Brandin Podziemski,GSW,23.0,82,28.4,13.8,5.1,3.7,1.1,0.2,1.6,0.455,0.371,0.797,0.2,0.9,4.2,5.0,2.9,10.6,110.3,110.4,-0.1,0.583,0.196,0.198,0.029,0.147,0.543,0.114,3687960.0,1,Multi-Year,5.68,0.0,0.0,0.0,0.0,9.37,100.0,SG,3.69,0.747,0.81,0.732,0.504,0.808,0.282,0.982,0.561,0.65,0.538,0.768,0.335,0.768,0.619,58.3,11.4
1631170,Jaime Jaquez Jr.,MIA,25.0,75,28.3,15.4,5.0,4.7,0.7,0.3,2.0,0.507,0.317,0.769,1.9,1.3,3.7,2.4,2.9,12.2,114.7,111.9,2.9,0.57,0.216,0.24,0.042,0.117,0.539,0.113,3861600.0,1,Multi-Year,5.94,0.0,0.0,0.0,0.0,9.8,91.5,SF,3.86,0.806,0.878,0.714,0.475,0.452,0.443,0.871,0.453,0.755,0.689,0.756,0.713,0.644,0.513,57.0,11.3
1629060,Rui Hachimura,LAL,28.0,68,28.3,11.5,3.3,0.8,0.6,0.3,0.6,0.514,0.443,0.694,1.2,0.6,2.7,3.9,1.1,8.8,116.4,114.4,2.0,0.62,0.149,0.041,0.023,0.094,0.611,0.073,18259259.0,0,Expiring,0.0,0.0,0.0,0.0,0.0,18.26,82.9,PF,18.26,0.631,0.11,0.44,0.861,0.331,0.443,0.729,0.801,0.289,0.651,0.263,0.805,0.414,0.396,62.0,7.3
1631105,Jalen Duren,DET,22.0,70,28.2,19.5,10.5,2.0,0.8,0.8,1.9,0.65,0.0,0.747,6.9,3.8,6.7,0.0,6.1,11.5,120.0,108.2,11.8,0.688,0.231,0.104,0.132,0.23,0.65,0.177,6483144.0,0,Expiring,0.0,0.0,0.0,0.0,0.0,6.48,85.4,C,6.48,0.898,0.506,0.978,0.94,0.552,0.849,0.778,0.96,0.823,0.963,0.987,0.948,0.889,0.763,68.8,17.7
1630163,LaMelo Ball,CHA,24.0,72,28.0,20.1,4.8,7.1,1.2,0.3,2.8,0.407,0.368,0.899,5.8,0.9,3.9,10.3,2.5,17.3,123.2,114.1,9.1,0.546,0.306,0.384,0.03,0.14,0.516,0.134,37958760.0,3,Multi-Year,40.77,43.58,46.39,0.0,0.0,168.71,87.8,PG,37.96,0.909,0.972,0.686,0.294,0.858,0.443,0.818,0.298,0.971,0.92,0.884,0.983,0.435,0.579,54.6,13.4
1630583,Santi Aldama,MEM,25.0,43,27.9,14.0,6.7,2.9,0.9,0.7,1.3,0.479,0.35,0.667,-1.1,1.6,5.1,4.7,2.7,11.1,113.6,116.0,-2.4,0.572,0.191,0.153,0.052,0.171,0.553,0.115,18485916.0,2,Multi-Year,17.01,17.01,0.0,0.0,0.0,35.49,52.4,PF,18.49,0.756,0.696,0.871,0.586,0.653,0.801,0.371,0.466,0.615,0.442,0.781,0.615,0.284,0.579,57.2,11.5
203932,Aaron Gordon,DEN,30.0,36,27.9,16.2,5.8,2.7,0.6,0.3,1.1,0.497,0.389,0.767,7.6,1.4,4.4,4.4,4.5,11.1,124.7,112.0,12.7,0.62,0.213,0.13,0.052,0.148,0.574,0.117,22841455.0,3,Multi-Year,33.66,36.35,39.04,0.0,0.0,92.85,43.9,PF,22.84,0.818,0.664,0.833,0.73,0.331,0.443,0.284,0.801,0.74,0.975,0.796,0.994,0.633,0.469,62.0,11.7
1629651,Nic Claxton,BKN,27.0,69,27.8,11.7,6.9,3.7,0.7,1.1,1.4,0.571,0.158,0.616,-7.5,2.4,4.5,0.3,3.3,8.4,107.4,120.3,-12.9,0.592,0.175,0.216,0.084,0.167,0.574,0.117,25352272.0,2,Multi-Year,23.15,20.94,0.0,0.0,0.0,69.44,84.1,C,25.35,0.643,0.81,0.886,0.73,0.452,0.93,0.753,0.622,0.484,0.078,0.796,0.167,0.108,0.497,59.2,11.7
1627749,Dejounte Murray,NOP,29.0,14,27.8,16.7,5.4,6.4,1.6,0.2,3.4,0.484,0.306,0.867,1.4,0.3,5.1,4.4,3.2,13.0,116.2,114.9,1.3,0.58,0.267,0.336,0.011,0.188,0.536,0.138,30801103.0,2,Multi-Year,32.79,30.75,0.0,0.0,0.0,63.59,17.1,PG,30.8,0.838,0.952,0.775,0.449,0.965,0.282,0.125,0.54,0.927,0.614,0.903,0.794,0.368,0.538,58.0,13.8
202699,Tobias Harris,DET,33.0,63,27.7,13.3,5.1,2.5,0.9,0.4,1.0,0.469,0.368,0.866,5.8,0.9,4.3,3.5,2.5,10.5,118.6,108.6,10.0,0.574,0.181,0.12,0.03,0.145,0.531,0.112,26634146.0,0,Expiring,0.0,0.0,0.0,0.0,0.0,26.63,76.8,PF,26.63,0.715,0.61,0.732,0.407,0.653,0.582,0.628,0.493,0.543,0.935,0.743,0.897,0.87,0.702,57.4,11.2
1642267,Bub Carrington,WAS,20.0,82,27.7,10.7,3.4,4.6,0.6,0.2,2.3,0.424,0.408,0.73,-9.1,0.4,3.0,5.0,1.4,9.0,107.3,122.6,-15.3,0.556,0.174,0.231,0.013,0.104,0.538,0.072,4677600.0,2,Multi-Year,4.9,7.26,0.0,0.0,0.0,9.58,100.0,PG,4.68,0.596,0.873,0.466,0.465,0.331,0.282,0.982,0.35,0.476,0.04,0.246,0.158,0.045,0.219,55.6,7.2
1630591,Jalen Suggs,ORL,24.0,57,27.6,13.8,3.9,5.5,1.8,0.7,2.7,0.435,0.339,0.855,3.2,0.6,3.2,6.3,2.1,11.4,113.6,108.4,5.2,0.561,0.22,0.284,0.022,0.112,0.529,0.11,35000000.0,4,Multi-Year,32.4,29.6,26.8,26.7,0.0,123.8,69.5,PG,35.0,0.747,0.921,0.561,0.382,0.979,0.801,0.552,0.377,0.766,0.812,0.722,0.615,0.877,0.886,56.1,11.0
1642846,Ace Bailey,UTA,19.0,72,27.6,13.8,4.2,1.8,0.8,0.7,1.5,0.443,0.344,0.75,-6.2,1.4,2.8,5.5,1.2,12.4,109.8,120.4,-10.7,0.533,0.21,0.098,0.048,0.097,0.52,0.069,9069840.0,3,Multi-Year,9.52,9.98,12.64,0.0,0.0,18.59,87.8,SF,9.07,0.747,0.452,0.619,0.318,0.552,0.801,0.818,0.221,0.72,0.13,0.209,0.288,0.1,0.484,53.3,6.9
1630577,Julian Champagnie,SAS,24.0,82,27.6,11.1,5.8,1.5,0.8,0.5,0.8,0.437,0.381,0.844,7.2,0.9,4.9,6.2,1.6,8.4,120.4,108.0,12.4,0.609,0.146,0.071,0.032,0.161,0.578,0.091,3000000.0,1,Multi-Year,3.0,0.0,0.0,0.0,0.0,0.0,100.0,SF,3.0,0.615,0.361,0.833,0.751,0.552,0.684,0.982,0.734,0.274,0.97,0.513,0.959,0.899,0.712,60.9,9.1
203110,Draymond Green,GSW,36.0,68,27.5,8.4,5.5,5.5,0.9,0.6,2.7,0.418,0.326,0.702,-2.0,0.8,4.7,4.6,1.2,7.2,109.4,113.6,-4.3,0.54,0.158,0.278,0.029,0.168,0.52,0.084,25892857.0,1,Multi-Year,27.68,0.0,0.0,0.0,0.0,53.57,82.9,PF,25.89,0.447,0.921,0.788,0.318,0.653,0.754,0.729,0.258,0.35,0.355,0.422,0.262,0.497,0.635,54.0,8.4
1629130,Duncan Robinson,DET,32.0,77,27.4,12.2,2.7,2.1,0.6,0.3,0.7,0.456,0.41,0.755,7.0,0.4,2.3,7.0,1.4,9.1,120.8,109.5,11.3,0.629,0.152,0.094,0.014,0.08,0.613,0.078,16834692.0,2,Multi-Year,15.99,15.15,0.0,0.0,0.0,16.83,93.9,SF,16.83,0.679,0.53,0.306,0.87,0.331,0.443,0.91,0.838,0.309,0.947,0.339,0.966,0.835,0.536,62.9,7.8
1630245,Ayo Dosunmu,MIN,26.0,69,27.3,14.8,3.4,3.6,0.8,0.3,1.4,0.517,0.439,0.876,-1.0,0.7,2.8,4.1,2.1,10.8,111.7,113.2,-1.5,0.63,0.197,0.202,0.024,0.093,0.599,0.114,7518518.0,0,Expiring,0.0,0.0,0.0,0.0,0.0,7.52,54.9,SG,7.52,0.784,0.794,0.466,0.829,0.552,0.443,0.398,0.845,0.66,0.479,0.768,0.45,0.537,0.511,63.0,11.4
1642490,Josh Oduro,NOP,25.0,3,27.3,8.3,7.7,1.3,0.0,0.0,0.7,0.647,0.0,0.5,0.3,3.7,4.0,0.7,2.0,5.7,127.8,124.6,3.2,0.636,0.09,0.05,0.117,0.136,0.647,0.05,1000000.0,0,Minimum,0.0,0.0,0.0,0.0,0.0,0.0,3.7,PF,1.0,0.437,0.285,0.925,0.934,0.004,0.032,0.02,0.866,0.009,0.711,0.048,0.998,0.023,0.02,63.6,5.0
1642259,Alex Sarr,WAS,20.0,48,27.2,16.3,7.4,2.7,0.8,2.0,1.7,0.482,0.333,0.692,-7.3,2.2,5.2,3.1,3.0,13.7,108.0,120.4,-12.4,0.544,0.252,0.161,0.073,0.179,0.52,0.121,11808240.0,2,Multi-Year,12.37,15.61,0.0,0.0,0.0,24.18,58.5,C,11.81,0.823,0.664,0.908,0.318,0.552,0.998,0.427,0.283,0.883,0.087,0.819,0.187,0.1,0.55,54.4,12.1
1642270,Donovan Clingan,POR,22.0,77,27.2,12.1,11.6,2.1,0.6,1.7,1.2,0.52,0.341,0.68,0.2,4.5,7.1,3.2,2.6,8.9,113.9,113.8,0.1,0.604,0.163,0.112,0.149,0.254,0.582,0.139,7178400.0,2,Multi-Year,7.52,9.55,0.0,0.0,0.0,14.7,93.9,C,7.18,0.672,0.53,0.996,0.767,0.331,0.985,0.91,0.696,0.4,0.553,0.91,0.65,0.469,0.595,60.4,13.9
1627739,Kris Dunn,LAC,32.0,82,27.2,7.3,3.3,3.6,1.6,0.2,1.4,0.476,0.374,0.765,0.2,0.7,2.6,2.6,1.0,5.8,114.6,114.1,0.5,0.581,0.122,0.179,0.028,0.097,0.56,0.074,5426400.0,1,Multi-Year,5.68,0.0,0.0,0.0,0.0,5.43,100.0,PG,5.43,0.345,0.794,0.44,0.635,0.965,0.282,0.982,0.548,0.111,0.581,0.283,0.701,0.435,0.561,58.1,7.4
1629028,Deandre Ayton,LAL,27.0,72,27.2,12.5,8.0,0.8,0.6,1.0,1.2,0.671,0.0,0.645,-0.1,2.6,5.4,0.0,2.0,8.3,115.6,115.5,0.1,0.676,0.164,0.044,0.103,0.2,0.671,0.117,33654814.0,1,Multi-Year,8.1,0.0,0.0,0.0,0.0,25.55,87.8,C,33.65,0.696,0.11,0.932,0.966,0.331,0.91,0.818,0.942,0.407,0.553,0.796,0.76,0.319,0.52,67.6,11.7
1628386,Jarrett Allen,CLE,28.0,56,27.1,15.4,8.5,1.8,1.0,0.8,1.3,0.638,0.1,0.709,3.8,2.6,5.9,0.2,4.7,9.4,119.3,112.9,6.4,0.669,0.196,0.092,0.097,0.202,0.639,0.143,20000000.0,3,Multi-Year,28.0,30.24,32.48,0.0,0.0,110.72,68.3,C,20.0,0.806,0.452,0.948,0.922,0.743,0.849,0.531,0.93,0.65,0.862,0.934,0.925,0.569,0.72,66.9,14.3
1628381,John Collins,LAC,28.0,69,27.1,13.6,5.3,1.0,0.9,0.7,1.4,0.552,0.406,0.766,-0.6,1.6,3.7,3.2,2.2,9.6,113.9,115.1,-1.2,0.643,0.188,0.058,0.061,0.135,0.62,0.098,26580000.0,0,Expiring,0.0,0.0,0.0,0.0,0.0,26.58,84.1,PF,26.58,0.734,0.191,0.76,0.889,0.653,0.801,0.753,0.887,0.597,0.491,0.599,0.65,0.355,0.603,64.3,9.8
1630200,Tre Jones,CHI,26.0,65,27.0,14.1,3.1,5.4,1.2,0.2,1.4,0.553,0.315,0.841,-2.1,0.6,2.6,2.0,3.5,9.5,111.0,114.8,-3.8,0.637,0.186,0.284,0.02,0.088,0.586,0.126,8000000.0,2,Multi-Year,8.0,8.0,0.0,0.0,0.0,16.0,79.3,PG,8.0,0.761,0.913,0.398,0.781,0.858,0.282,0.672,0.872,0.59,0.376,0.851,0.396,0.381,0.507,63.7,12.6
1627884,Derrick Jones Jr.,LAC,29.0,50,27.0,10.1,3.5,1.4,0.9,1.0,0.8,0.499,0.359,0.763,2.6,1.2,2.2,3.1,1.9,7.6,117.9,113.8,4.0,0.6,0.144,0.068,0.047,0.082,0.571,0.072,10000000.0,1,Multi-Year,10.48,0.0,0.0,0.0,0.0,20.48,61.0,SF,10.0,0.561,0.32,0.49,0.708,0.653,0.91,0.451,0.681,0.264,0.763,0.246,0.867,0.469,0.677,60.0,7.2
1641730,Noah Clowney,BKN,21.0,66,27.0,12.3,4.1,1.6,0.8,0.7,1.5,0.396,0.329,0.804,-5.0,0.8,3.3,5.9,3.4,9.6,109.7,118.3,-8.7,0.554,0.202,0.095,0.029,0.128,0.498,0.072,3398640.0,1,Multi-Year,5.41,0.0,0.0,0.0,0.0,8.81,80.5,PF,3.4,0.688,0.397,0.604,0.209,0.552,0.801,0.694,0.343,0.691,0.2,0.246,0.284,0.17,0.508,55.4,7.2
1642281,Jaylon Tyson,CLE,23.0,66,26.9,13.2,5.1,2.2,0.8,0.4,1.5,0.493,0.446,0.738,1.7,1.8,3.3,4.5,1.6,10.2,117.0,113.4,3.6,0.608,0.189,0.115,0.064,0.118,0.592,0.092,3492480.0,2,Multi-Year,3.66,5.64,0.0,0.0,0.0,7.15,80.5,SG,3.49,0.712,0.552,0.732,0.801,0.552,0.582,0.694,0.719,0.603,0.74,0.524,0.828,0.524,0.553,60.8,9.2
1626167,Myles Turner,MIL,30.0,71,26.9,11.9,5.3,1.5,0.7,1.6,1.2,0.44,0.383,0.74,-3.2,1.1,4.3,5.4,2.5,9.1,109.6,115.8,-6.2,0.584,0.181,0.079,0.039,0.152,0.553,0.086,25318251.0,3,Multi-Year,26.58,27.85,29.12,0.0,0.0,79.75,86.6,C,25.32,0.658,0.361,0.76,0.586,0.452,0.977,0.797,0.565,0.543,0.29,0.445,0.279,0.299,0.576,58.4,8.6
1630171,Isaac Okoro,CHI,25.0,63,26.9,9.3,2.7,1.6,0.7,0.5,0.7,0.46,0.33,0.795,-5.3,1.1,1.7,3.5,1.8,7.3,112.1,120.6,-8.5,0.574,0.137,0.079,0.04,0.058,0.539,0.05,11000000.0,1,Multi-Year,11.81,0.0,0.0,0.0,0.0,22.81,76.8,SG,11.0,0.516,0.397,0.306,0.475,0.452,0.684,0.628,0.493,0.203,0.214,0.048,0.485,0.09,0.409,57.4,5.0
1629652,Luguentz Dort,OKC,27.0,69,26.8,8.3,3.6,1.2,0.9,0.4,0.8,0.385,0.344,0.759,4.3,0.8,2.7,5.4,0.8,7.6,116.2,108.2,8.0,0.524,0.139,0.059,0.03,0.094,0.508,0.049,18222222.0,1,Multi-Year,18.22,0.0,0.0,0.0,0.0,18.22,84.1,SF,18.22,0.437,0.257,0.512,0.249,0.653,0.582,0.753,0.17,0.216,0.903,0.043,0.794,0.889,0.708,52.4,4.9
203501,Tim Hardaway Jr.,DEN,34.0,80,26.6,13.5,2.6,1.4,0.5,0.1,0.5,0.447,0.407,0.811,2.5,0.2,2.4,6.9,2.5,9.7,119.4,114.9,4.5,0.624,0.177,0.07,0.008,0.082,0.591,0.085,2296274.0,0,Expiring,0.0,0.0,0.0,0.0,0.0,2.3,97.6,SG,2.3,0.725,0.32,0.287,0.796,0.217,0.133,0.955,0.816,0.502,0.786,0.434,0.933,0.368,0.239,62.4,8.5
1641717,Cason Wallace,OKC,22.0,77,26.6,8.6,3.1,2.6,1.9,0.4,0.9,0.432,0.351,0.809,6.9,0.8,2.3,3.7,0.9,7.6,116.2,103.8,12.4,0.538,0.141,0.127,0.031,0.079,0.518,0.076,5820240.0,1,Multi-Year,7.42,0.0,0.0,0.0,0.0,13.24,93.9,SG,5.82,0.465,0.635,0.398,0.306,0.984,0.582,0.91,0.245,0.229,0.97,0.307,0.794,0.973,0.846,53.8,7.6
1630241,Sam Merrill,CLE,29.0,52,26.5,12.8,2.6,2.4,0.6,0.1,0.8,0.461,0.421,0.855,4.7,0.5,2.0,7.2,1.3,9.3,120.3,112.6,7.7,0.644,0.167,0.119,0.02,0.072,0.624,0.081,8482144.0,3,Multi-Year,9.16,9.84,10.52,0.0,0.0,38.0,63.4,SG,8.48,0.704,0.591,0.287,0.896,0.331,0.133,0.474,0.891,0.427,0.891,0.379,0.955,0.593,0.352,64.4,8.1
1642875,Maxime Raynaud,SAC,23.0,74,26.5,12.5,7.5,1.4,0.5,0.5,1.3,0.571,0.324,0.786,-6.2,1.9,5.6,1.0,2.3,9.1,110.4,121.3,-10.9,0.619,0.178,0.074,0.07,0.211,0.589,0.109,1272870.0,2,Minimum,2.15,2.53,0.0,0.0,0.0,3.42,90.2,C,1.27,0.696,0.32,0.915,0.788,0.217,0.684,0.852,0.795,0.515,0.123,0.71,0.347,0.073,0.325,61.9,10.9
1631342,Daeqwon Plowden,SAC,27.0,32,26.4,10.8,3.0,1.3,0.7,0.2,0.8,0.43,0.333,0.857,-6.4,1.0,2.0,5.8,1.5,8.7,111.2,122.1,-10.9,0.572,0.157,0.065,0.037,0.08,0.541,0.057,1000000.0,0,Minimum,0.0,0.0,0.0,0.0,0.0,0.0,39.0,SG,1.0,0.602,0.285,0.373,0.493,0.452,0.282,0.242,0.466,0.343,0.123,0.099,0.409,0.06,0.265,57.2,5.7
1642377,Jaylen Wells,MEM,22.0,69,26.4,12.5,3.2,1.6,0.9,0.1,1.1,0.431,0.353,0.784,-2.6,0.9,2.3,5.3,2.5,10.1,113.4,117.8,-4.4,0.559,0.189,0.085,0.031,0.086,0.524,0.069,1955377.0,2,Multi-Year,2.3,2.49,0.0,0.0,0.0,1.96,84.1,SG,1.96,0.696,0.397,0.415,0.349,0.653,0.133,0.753,0.366,0.603,0.345,0.209,0.596,0.19,0.325,55.9,6.9
1641796,Pelle Larsson,MIA,25.0,70,26.4,11.4,3.5,3.4,0.7,0.2,1.4,0.496,0.323,0.797,1.1,1.0,2.5,2.7,3.3,8.0,115.7,113.3,2.4,0.605,0.165,0.163,0.035,0.088,0.551,0.084,1955377.0,1,Multi-Year,2.3,0.0,0.0,0.0,0.0,0.0,85.4,SG,1.96,0.627,0.774,0.49,0.569,0.452,0.282,0.778,0.702,0.411,0.674,0.422,0.764,0.53,0.421,60.5,8.4
203994,Jusuf Nurkić,UTA,31.0,41,26.4,10.9,10.4,4.8,1.3,0.5,2.5,0.503,0.352,0.549,-4.6,2.6,7.8,1.7,2.8,8.7,109.5,117.4,-7.9,0.548,0.186,0.261,0.089,0.279,0.538,0.121,19375000.0,0,Expiring,0.0,0.0,0.0,0.0,0.0,19.38,50.0,C,19.38,0.607,0.885,0.975,0.465,0.891,0.684,0.343,0.307,0.59,0.235,0.819,0.271,0.21,0.595,54.8,12.1
1630540,Miles McBride,NYK,25.0,41,26.3,12.0,2.4,2.6,0.9,0.2,0.8,0.423,0.413,0.787,5.5,0.6,1.9,6.6,1.1,9.9,119.9,110.4,9.5,0.578,0.174,0.136,0.02,0.068,0.562,0.085,4333333.0,1,Multi-Year,3.96,0.0,0.0,0.0,0.0,8.29,50.0,SG,4.33,0.666,0.635,0.231,0.657,0.653,0.282,0.343,0.523,0.476,0.927,0.434,0.945,0.768,0.568,57.8,8.5
1642263,Reed Sheppard,HOU,21.0,82,26.2,13.5,2.9,3.4,1.5,0.7,1.5,0.43,0.394,0.802,3.4,0.3,2.6,7.0,1.0,11.5,115.9,111.6,4.3,0.564,0.21,0.183,0.012,0.092,0.55,0.102,10603560.0,2,Multi-Year,11.11,14.04,0.0,0.0,0.0,21.71,100.0,SG,10.6,0.725,0.774,0.347,0.56,0.948,0.801,0.982,0.404,0.72,0.778,0.633,0.771,0.667,0.805,56.4,10.2
1628398,Kyle Kuzma,MIL,30.0,69,26.2,13.0,4.5,2.7,0.7,0.4,1.7,0.492,0.347,0.726,-4.1,0.8,3.7,3.5,2.7,10.0,110.2,116.8,-6.6,0.581,0.212,0.153,0.032,0.134,0.552,0.096,22410605.0,1,Multi-Year,20.35,0.0,0.0,0.0,0.0,42.76,84.1,PF,22.41,0.708,0.664,0.655,0.578,0.452,0.582,0.753,0.548,0.734,0.269,0.579,0.324,0.247,0.427,58.1,9.6
1641731,Bilal Coulibaly,WAS,21.0,56,26.2,11.7,4.3,2.6,1.3,1.0,1.4,0.425,0.319,0.746,-7.4,0.9,3.5,3.6,3.2,9.7,108.5,121.2,-12.8,0.531,0.193,0.137,0.03,0.128,0.485,0.082,7275600.0,1,Multi-Year,9.24,0.0,0.0,0.0,0.0,16.52,68.3,SG,7.28,0.643,0.635,0.632,0.156,0.891,0.91,0.531,0.206,0.628,0.08,0.395,0.214,0.077,0.626,53.1,8.2
1629631,De'Andre Hunter,SAC,28.0,45,26.1,13.7,4.1,2.0,0.7,0.1,1.7,0.415,0.305,0.867,-0.5,0.7,3.4,5.5,3.2,11.1,114.1,115.0,-0.9,0.545,0.218,0.11,0.023,0.127,0.49,0.077,23303571.0,1,Multi-Year,24.91,0.0,0.0,0.0,0.0,48.21,52.4,SF,23.3,0.741,0.506,0.604,0.173,0.452,0.133,0.371,0.29,0.76,0.505,0.321,0.664,0.361,0.315,54.5,7.7
1629675,Naz Reid,MIN,26.0,77,26.1,13.6,6.2,2.2,1.0,1.0,1.6,0.456,0.362,0.732,2.2,1.2,5.0,5.8,1.6,11.3,113.0,109.9,3.2,0.565,0.212,0.124,0.042,0.187,0.549,0.112,21551724.0,4,Multi-Year,23.28,25.0,26.72,28.45,0.0,96.55,93.9,C,21.55,0.734,0.552,0.849,0.552,0.743,0.91,0.91,0.411,0.734,0.711,0.743,0.553,0.81,0.821,56.5,11.2
1631217,Moussa Diabaté,CHA,24.0,73,26.0,7.9,8.7,1.9,0.8,1.0,1.0,0.631,0.5,0.659,4.7,3.7,5.0,0.0,2.4,5.0,122.0,111.5,10.5,0.653,0.112,0.099,0.139,0.191,0.632,0.108,2270735.0,1,Multi-Year,2.46,0.0,0.0,0.0,0.0,0.0,89.0,C,2.27,0.396,0.479,0.952,0.904,0.552,0.91,0.838,0.907,0.062,0.94,0.695,0.975,0.676,0.713,65.3,10.8
1641709,Ausar Thompson,DET,23.0,73,26.0,9.9,5.7,3.1,2.0,0.9,1.5,0.525,0.25,0.571,5.4,2.1,3.7,0.3,2.6,7.9,118.8,107.2,11.6,0.545,0.168,0.155,0.08,0.135,0.53,0.101,8775000.0,1,Multi-Year,11.12,0.0,0.0,0.0,0.0,19.89,89.0,SF,8.78,0.545,0.726,0.82,0.396,0.992,0.886,0.838,0.29,0.439,0.956,0.624,0.906,0.915,0.931,54.5,10.1
1630224,Jalen Green,PHX,24.0,32,25.9,17.8,3.6,2.8,1.1,0.3,2.3,0.422,0.313,0.747,1.0,0.5,3.1,7.1,2.7,16.0,114.2,113.5,0.7,0.516,0.309,0.181,0.017,0.122,0.491,0.106,33584499.0,2,Multi-Year,36.25,36.0,0.0,0.0,0.0,69.84,39.0,SG,33.58,0.868,0.683,0.512,0.176,0.808,0.443,0.242,0.135,0.978,0.587,0.677,0.67,0.513,0.588,51.6,10.6
1641744,Zach Edey,MEM,23.0,11,25.8,13.6,11.1,1.1,0.6,1.9,2.4,0.633,0.2,0.781,10.3,3.9,7.2,0.5,2.9,8.9,112.8,94.5,18.3,0.669,0.2,0.061,0.148,0.243,0.638,0.157,6045000.0,2,Multi-Year,6.33,8.07,0.0,0.0,0.0,12.38,13.4,C,6.04,0.734,0.229,0.986,0.92,0.331,0.994,0.095,0.93,0.679,1.0,0.973,0.541,0.998,0.774,66.9,15.7
1642847,Jeremiah Fears,NOP,19.0,82,25.8,14.3,3.7,3.4,1.2,0.4,2.2,0.434,0.33,0.789,-3.5,0.7,2.9,3.7,3.0,12.3,111.8,118.2,-6.4,0.525,0.245,0.195,0.026,0.109,0.485,0.093,7520040.0,3,Multi-Year,7.9,8.27,10.51,0.0,0.0,15.42,100.0,PG,7.52,0.771,0.774,0.527,0.156,0.858,0.582,0.982,0.179,0.862,0.279,0.542,0.463,0.174,0.538,52.5,9.3
1642907,Cedric Coward,MEM,22.0,62,25.8,13.6,5.9,2.8,0.6,0.4,1.7,0.471,0.338,0.843,0.4,1.3,4.5,4.4,2.7,10.5,113.8,113.5,0.3,0.585,0.207,0.154,0.05,0.16,0.542,0.11,5715120.0,3,Multi-Year,6.0,6.29,8.34,0.0,0.0,11.72,75.6,SG,5.72,0.734,0.683,0.841,0.498,0.331,0.582,0.613,0.573,0.711,0.572,0.722,0.637,0.513,0.475,58.5,11.0
1642349,Ajay Mitchell,OKC,23.0,57,25.8,13.6,3.3,3.6,1.2,0.3,1.4,0.485,0.347,0.87,8.8,0.7,2.6,3.1,2.8,10.4,118.2,102.5,15.6,0.585,0.21,0.194,0.027,0.093,0.536,0.116,3000000.0,2,Multi-Year,2.85,2.85,0.0,0.0,0.0,3.0,69.5,SG,3.0,0.734,0.794,0.44,0.449,0.858,0.443,0.552,0.573,0.72,0.985,0.788,0.884,0.983,0.761,58.5,11.6
203084,Harrison Barnes,SAS,33.0,77,25.8,9.9,2.8,1.9,0.6,0.2,0.8,0.456,0.388,0.829,4.3,0.8,2.0,4.6,1.6,7.5,118.4,110.6,7.8,0.608,0.144,0.097,0.03,0.071,0.577,0.075,19000000.0,0,Expiring,0.0,0.0,0.0,0.0,0.0,19.0,93.9,PF,19.0,0.545,0.479,0.327,0.743,0.331,0.282,0.91,0.719,0.264,0.895,0.296,0.891,0.754,0.456,60.8,7.5
1631106,Tari Eason,HOU,24.0,60,25.8,10.5,6.3,1.5,1.2,0.5,1.4,0.416,0.358,0.776,2.8,2.1,4.2,4.3,1.1,9.7,116.1,109.6,6.5,0.514,0.181,0.078,0.077,0.156,0.496,0.083,5675766.0,0,Expiring,0.0,0.0,0.0,0.0,0.0,5.68,73.2,PF,5.68,0.59,0.361,0.853,0.197,0.858,0.684,0.59,0.125,0.543,0.865,0.411,0.785,0.831,0.791,51.4,8.3
1630541,Moses Moody,GSW,23.0,60,25.7,12.1,3.3,1.6,1.0,0.6,1.0,0.44,0.401,0.77,1.3,0.9,2.5,6.3,1.9,9.3,111.1,108.9,2.2,0.6,0.174,0.093,0.031,0.092,0.575,0.083,11574075.0,2,Multi-Year,12.5,13.43,0.0,0.0,0.0,37.5,73.2,SG,11.57,0.672,0.397,0.44,0.737,0.743,0.754,0.59,0.681,0.476,0.662,0.411,0.401,0.861,0.786,60.0,8.3
1641716,Jarace Walker,IND,22.0,76,25.7,11.6,5.1,2.5,0.8,0.3,1.8,0.419,0.374,0.749,-6.0,0.6,4.5,4.7,2.4,9.6,106.5,117.6,-11.1,0.543,0.2,0.143,0.023,0.17,0.51,0.09,6665520.0,1,Multi-Year,8.48,0.0,0.0,0.0,0.0,15.14,92.7,PF,6.67,0.634,0.61,0.732,0.263,0.552,0.443,0.887,0.276,0.679,0.113,0.499,0.116,0.198,0.398,54.3,9.0
1642268,Isaiah Collier,UTA,21.0,59,25.7,11.7,2.5,7.2,1.1,0.3,2.5,0.495,0.27,0.722,-7.5,0.4,2.2,1.7,3.5,8.7,109.4,122.6,-13.2,0.567,0.204,0.404,0.013,0.085,0.521,0.102,2638200.0,2,Multi-Year,2.76,4.99,0.0,0.0,0.0,5.4,72.0,PG,2.64,0.643,0.976,0.258,0.331,0.808,0.443,0.575,0.425,0.702,0.069,0.633,0.262,0.045,0.432,56.7,10.2
1631174,Tyler Burton,MEM,26.0,12,25.6,10.8,4.2,1.0,0.9,0.3,0.9,0.375,0.333,0.852,-12.1,0.7,3.5,5.5,2.3,9.3,102.0,124.3,-22.3,0.521,0.18,0.062,0.023,0.137,0.473,0.061,1000000.0,0,Minimum,0.0,0.0,0.0,0.0,0.0,0.0,14.6,SF,1.0,0.602,0.191,0.619,0.115,0.653,0.443,0.105,0.156,0.534,0.017,0.128,0.027,0.025,0.374,52.1,6.1
1629027,Trae Young,WAS,27.0,15,25.6,17.9,2.0,8.0,0.9,0.1,2.6,0.458,0.338,0.825,-4.4,0.3,1.7,5.3,6.5,11.8,116.1,124.1,-8.1,0.612,0.262,0.44,0.009,0.067,0.534,0.128,46394100.0,1,Multi-Year,48.97,0.0,0.0,0.0,0.0,46.39,12.2,PG,46.39,0.87,0.988,0.148,0.435,0.653,0.133,0.086,0.76,0.91,0.227,0.861,0.785,0.027,0.271,61.2,12.8
1629674,Neemias Queta,BOS,26.0,76,25.3,10.2,8.4,1.7,0.8,1.3,1.0,0.653,0.125,0.703,6.3,3.0,5.3,0.1,2.3,6.6,118.8,105.6,13.2,0.674,0.145,0.091,0.118,0.194,0.654,0.13,2349578.0,1,Multi-Year,2.67,0.0,0.0,0.0,0.0,0.0,92.7,C,2.35,0.568,0.425,0.941,0.951,0.552,0.954,0.887,0.939,0.27,0.979,0.872,0.906,0.95,0.819,67.4,13.0
1631214,Alondes Williams,WAS,26.0,4,25.2,11.0,6.3,3.0,0.8,0.8,1.3,0.615,0.357,0.875,8.8,1.3,5.0,3.5,2.0,6.5,122.5,106.9,15.6,0.745,0.141,0.14,0.054,0.192,0.712,0.133,131970.0,0,Minimum,0.0,0.0,0.0,0.0,0.0,0.13,4.9,SG,0.13,0.61,0.712,0.853,0.985,0.552,0.849,0.032,0.987,0.229,0.985,0.881,0.981,0.92,0.774,74.5,13.3
1642856,Egor Dëmin,BKN,20.0,52,25.2,10.3,3.2,3.3,0.8,0.3,1.7,0.399,0.385,0.831,-3.1,0.4,2.8,6.2,1.3,8.6,109.5,115.4,-5.9,0.561,0.182,0.199,0.015,0.116,0.537,0.081,1000000.0,0,Minimum,0.0,0.0,0.0,0.0,0.0,0.0,63.4,?,1.0,0.577,0.755,0.415,0.458,0.552,0.443,0.474,0.377,0.555,0.297,0.379,0.271,0.326,0.44,56.1,8.1
1642363,Nique Clifford,SAC,24.0,75,25.1,8.6,3.8,2.4,0.9,0.3,1.5,0.418,0.333,0.722,-2.9,0.9,2.9,3.1,1.3,7.9,111.3,115.8,-4.5,0.505,0.167,0.13,0.034,0.115,0.482,0.062,3108120.0,3,Multi-Year,3.26,3.42,5.98,0.0,0.0,6.37,91.5,SG,3.11,0.465,0.591,0.542,0.142,0.653,0.443,0.871,0.104,0.427,0.336,0.14,0.416,0.299,0.465,50.5,6.2
1631222,Jake LaRavia,LAL,24.0,82,25.1,8.2,4.0,1.8,1.3,0.5,1.1,0.459,0.321,0.763,-0.1,1.4,2.6,3.0,1.9,6.4,116.1,116.1,0.0,0.571,0.138,0.093,0.059,0.103,0.533,0.067,6000000.0,1,Multi-Year,6.0,0.0,0.0,0.0,0.0,12.0,100.0,PF,6.0,0.426,0.452,0.583,0.423,0.891,0.684,0.982,0.459,0.211,0.547,0.18,0.785,0.273,0.616,57.1,6.7
1627751,Jakob Poeltl,TOR,30.0,46,25.0,10.7,7.0,2.0,0.9,0.7,1.2,0.7,0.0,0.602,1.0,2.5,4.5,0.0,2.1,6.7,114.7,112.6,2.0,0.698,0.15,0.111,0.102,0.188,0.7,0.115,19500000.0,4,Multi-Year,19.5,27.3,29.48,27.3,0.0,95.78,56.1,C,19.5,0.596,0.506,0.895,0.983,0.653,0.801,0.408,0.973,0.295,0.651,0.781,0.713,0.593,0.682,69.8,11.5
1642852,Derik Queen,NOP,21.0,81,25.0,11.7,7.1,3.7,1.0,0.9,2.3,0.473,0.261,0.795,-3.8,1.7,5.4,1.1,3.4,9.2,112.7,119.4,-6.7,0.546,0.214,0.208,0.065,0.207,0.489,0.109,5157960.0,3,Multi-Year,5.42,5.67,8.11,0.0,0.0,10.57,98.8,C,5.16,0.643,0.81,0.9,0.168,0.743,0.886,0.961,0.298,0.747,0.263,0.71,0.53,0.131,0.587,54.6,10.9
1629632,Coby White,CHA,26.0,50,25.0,17.4,3.4,4.0,0.5,0.1,2.6,0.446,0.362,0.817,1.9,0.3,3.1,6.4,4.8,12.5,117.2,114.0,3.2,0.595,0.283,0.242,0.013,0.113,0.539,0.112,12888889.0,0,Expiring,0.0,0.0,0.0,0.0,0.0,12.89,35.4,SG,12.89,0.861,0.847,0.466,0.475,0.217,0.133,0.213,0.644,0.945,0.711,0.743,0.841,0.451,0.267,59.5,11.2
1630703,Scoot Henderson,POR,22.0,30,24.9,14.2,2.7,3.7,0.9,0.3,2.4,0.418,0.352,0.84,1.8,0.6,2.1,5.4,3.3,11.4,112.2,109.0,3.2,0.553,0.246,0.231,0.022,0.078,0.501,0.086,10748040.0,1,Multi-Year,13.59,0.0,0.0,0.0,0.0,24.33,36.6,PG,10.75,0.766,0.81,0.306,0.221,0.653,0.443,0.224,0.338,0.865,0.711,0.445,0.493,0.851,0.649,55.3,8.6
1629014,Anfernee Simons,CHI,26.0,55,24.9,14.3,2.5,2.4,0.5,0.1,1.2,0.44,0.385,0.896,1.8,0.6,1.9,6.9,1.4,11.8,116.9,114.0,3.0,0.576,0.227,0.151,0.021,0.075,0.552,0.096,27678571.0,0,Expiring,0.0,0.0,0.0,0.0,0.0,27.68,59.8,SG,27.68,0.771,0.591,0.258,0.578,0.217,0.133,0.438,0.512,0.805,0.694,0.579,0.818,0.451,0.267,57.6,9.6
1643060,Hayden Gray,UTA,22.0,1,24.8,6.0,0.0,1.0,1.0,1.0,1.0,0.667,0.0,1.0,-18.0,0.0,0.0,1.0,2.0,3.0,103.8,132.7,-29.0,0.773,0.079,0.05,0.0,0.0,0.667,0.05,1000000.0,0,Minimum,0.0,0.0,0.0,0.0,0.0,0.0,1.2,SG,1.0,0.253,0.191,0.002,0.963,0.743,0.91,0.003,0.998,0.002,0.006,0.048,0.058,0.002,0.552,77.3,5.0
1630573,Sam Hauser,BOS,28.0,78,24.8,9.2,3.8,1.5,0.5,0.3,0.4,0.419,0.393,0.85,4.7,0.7,3.1,6.5,0.3,7.7,119.8,111.0,8.8,0.59,0.141,0.077,0.028,0.118,0.584,0.08,10044644.0,3,Multi-Year,10.85,11.65,12.46,0.0,0.0,45.0,95.1,PF,10.04,0.503,0.361,0.542,0.775,0.217,0.443,0.936,0.608,0.229,0.916,0.367,0.942,0.71,0.457,59.0,8.0
1641783,Tristan da Silva,ORL,24.0,77,24.7,9.9,3.7,1.6,0.9,0.3,0.9,0.45,0.374,0.884,1.3,0.8,2.9,4.2,1.2,8.1,113.2,111.6,1.6,0.576,0.16,0.092,0.03,0.115,0.547,0.085,1000000.0,0,Minimum,0.0,0.0,0.0,0.0,0.0,0.0,93.9,?,1.0,0.545,0.397,0.527,0.531,0.653,0.443,0.91,0.512,0.372,0.634,0.434,0.579,0.667,0.588,57.6,8.5
1643133,Lawson Lovering,MEM,22.0,2,24.6,7.0,7.5,1.5,1.5,0.5,1.0,0.6,0.0,0.4,0.5,3.0,4.5,0.0,2.5,5.0,110.5,110.6,-0.1,0.574,0.106,0.07,0.105,0.188,0.6,0.07,87784.0,0,Minimum,0.0,0.0,0.0,0.0,0.0,0.09,2.4,C,0.09,0.322,0.361,0.915,0.841,0.948,0.684,0.009,0.493,0.043,0.538,0.229,0.356,0.754,0.795,57.4,7.0
1642504,Cormac Ryan,MIL,27.0,11,24.6,14.3,2.5,1.7,1.0,0.3,1.5,0.52,0.458,0.923,-1.6,0.7,1.8,5.4,2.4,9.3,116.0,119.0,-3.1,0.692,0.206,0.11,0.032,0.078,0.652,0.104,1000000.0,0,Minimum,0.0,0.0,0.0,0.0,0.0,0.0,13.4,SG,1.0,0.771,0.425,0.258,0.943,0.743,0.443,0.095,0.969,0.708,0.413,0.653,0.778,0.143,0.443,69.2,10.4
1628971,Bruce Brown,DEN,29.0,82,24.4,7.9,3.9,2.1,1.0,0.2,1.1,0.475,0.385,0.762,-0.9,1.0,2.8,1.8,1.5,6.4,114.2,115.2,-1.0,0.562,0.142,0.121,0.043,0.109,0.53,0.069,2296274.0,0,Expiring,0.0,0.0,0.0,0.0,0.0,2.3,100.0,SG,2.3,0.396,0.53,0.561,0.396,0.743,0.282,0.982,0.388,0.244,0.5,0.209,0.67,0.348,0.458,56.2,6.9
1642262,Cody Williams,UTA,21.0,67,24.3,8.8,3.0,2.0,0.8,0.4,1.1,0.468,0.214,0.706,-5.9,0.9,2.0,2.0,1.8,7.6,110.9,121.4,-10.6,0.524,0.159,0.111,0.036,0.084,0.495,0.057,5742480.0,2,Multi-Year,6.02,7.67,0.0,0.0,0.0,11.76,81.7,SG,5.74,0.48,0.506,0.373,0.192,0.552,0.582,0.711,0.17,0.361,0.135,0.099,0.39,0.069,0.401,52.4,5.7
1629611,Terance Mann,BKN,29.0,63,24.3,7.2,3.2,3.0,0.7,0.2,1.1,0.457,0.364,0.788,-4.2,1.1,2.1,2.4,1.3,5.8,109.6,117.8,-8.2,0.564,0.133,0.182,0.044,0.089,0.533,0.066,15500000.0,2,Multi-Year,15.5,16.0,0.0,0.0,0.0,47.0,76.8,SG,15.5,0.336,0.712,0.415,0.423,0.452,0.282,0.628,0.404,0.164,0.223,0.17,0.279,0.19,0.308,56.4,6.6
1628392,Isaiah Hartenstein,OKC,27.0,47,24.2,9.2,9.4,3.5,1.0,0.8,1.7,0.622,0.0,0.61,7.8,3.2,6.3,0.1,2.2,6.3,118.8,103.2,15.6,0.631,0.153,0.189,0.13,0.243,0.622,0.143,28500000.0,1,Multi-Year,28.5,0.0,0.0,0.0,0.0,28.5,57.3,C,28.5,0.503,0.783,0.964,0.892,0.743,0.849,0.416,0.849,0.319,0.985,0.934,0.906,0.977,0.856,63.1,14.3
1626171,Bobby Portis,MIL,31.0,67,24.2,13.7,6.4,1.6,0.6,0.2,1.0,0.488,0.456,0.706,-4.0,1.3,5.1,4.4,1.0,11.2,110.2,118.4,-8.2,0.587,0.225,0.103,0.055,0.198,0.578,0.122,13445754.0,2,Multi-Year,14.52,15.6,0.0,0.0,0.0,27.97,81.7,PF,13.45,0.741,0.397,0.858,0.751,0.331,0.282,0.711,0.588,0.791,0.223,0.828,0.324,0.164,0.259,58.7,12.2
203471,Dennis Schröder,CLE,32.0,70,24.2,10.8,2.7,4.9,0.8,0.2,1.8,0.405,0.329,0.834,-3.4,0.5,2.2,3.3,2.9,9.0,110.8,117.0,-6.2,0.526,0.21,0.294,0.019,0.089,0.465,0.094,14104000.0,2,Multi-Year,14.81,15.51,0.0,0.0,0.0,28.91,48.8,PG,14.1,0.602,0.89,0.306,0.092,0.552,0.282,0.332,0.189,0.72,0.29,0.559,0.383,0.237,0.357,52.6,9.4
204001,Kristaps Porziņģis,GSW,30.0,32,24.0,16.7,5.2,2.5,0.6,1.2,1.3,0.446,0.338,0.842,1.4,1.3,4.0,5.0,4.9,12.1,113.8,110.8,3.0,0.582,0.265,0.162,0.05,0.158,0.515,0.124,30731707.0,0,Expiring,0.0,0.0,0.0,0.0,0.0,30.73,20.7,C,30.73,0.838,0.61,0.746,0.288,0.331,0.944,0.149,0.556,0.922,0.694,0.844,0.637,0.726,0.667,58.2,12.4
1629622,Max Strus,CLE,30.0,12,24.0,11.2,5.4,2.0,0.3,0.0,0.8,0.443,0.402,0.778,-0.3,0.8,4.7,6.8,0.8,8.8,117.6,117.3,0.3,0.609,0.17,0.113,0.031,0.18,0.599,0.088,15936452.0,1,Multi-Year,16.66,0.0,0.0,0.0,0.0,32.6,14.6,SF,15.94,0.622,0.506,0.775,0.829,0.071,0.032,0.105,0.734,0.45,0.572,0.474,0.854,0.216,0.106,60.9,8.8
1642848,Tre Johnson,WAS,20.0,60,24.0,12.2,2.8,2.0,0.6,0.3,1.6,0.419,0.358,0.874,-5.6,0.5,2.4,5.4,1.5,10.8,108.7,119.9,-11.2,0.535,0.22,0.122,0.018,0.093,0.508,0.068,8237640.0,3,Multi-Year,8.65,9.06,11.49,0.0,0.0,16.89,73.2,SG,8.24,0.679,0.506,0.327,0.249,0.331,0.443,0.59,0.232,0.766,0.109,0.191,0.225,0.119,0.298,53.5,6.8
1641869,Malachi Smith,BKN,26.0,15,23.9,8.3,3.4,3.3,0.8,0.3,0.9,0.485,0.435,1.0,-6.0,0.8,2.6,3.1,0.5,6.6,104.9,118.0,-13.2,0.605,0.136,0.204,0.032,0.123,0.586,0.102,73153.0,0,Minimum,0.0,0.0,0.0,0.0,0.0,0.12,18.3,SG,0.07,0.437,0.755,0.466,0.781,0.552,0.443,0.136,0.702,0.189,0.069,0.633,0.073,0.18,0.392,60.5,10.2
1630173,Precious Achiuwa,SAC,26.0,73,23.9,10.1,6.7,1.4,0.9,0.7,0.9,0.528,0.278,0.554,-3.7,2.4,4.3,1.3,1.9,8.2,110.9,118.1,-7.2,0.558,0.172,0.082,0.098,0.18,0.551,0.102,2111516.0,0,Expiring,0.0,0.0,0.0,0.0,0.0,2.11,89.0,C,2.11,0.561,0.32,0.871,0.569,0.653,0.801,0.838,0.362,0.461,0.252,0.633,0.39,0.177,0.544,55.8,10.2
1641771,Jalen Slawson,IND,26.0,13,23.9,7.3,4.4,2.8,1.5,1.1,1.3,0.442,0.375,0.706,-2.0,0.5,3.8,3.1,1.3,5.9,106.8,111.1,-4.3,0.562,0.136,0.167,0.022,0.148,0.539,0.09,1000000.0,0,Minimum,0.0,0.0,0.0,0.0,0.0,0.0,15.9,SF,1.0,0.345,0.683,0.645,0.475,0.948,0.93,0.114,0.388,0.189,0.355,0.499,0.121,0.698,0.859,56.2,9.0
1629673,Jordan Poole,NOP,26.0,39,23.9,13.4,2.0,3.1,0.6,0.4,1.8,0.372,0.333,0.86,-3.7,0.2,1.7,7.4,2.9,11.4,109.4,117.3,-7.9,0.53,0.235,0.185,0.009,0.067,0.48,0.073,31848215.0,1,Multi-Year,34.04,0.0,0.0,0.0,0.0,65.89,47.6,PG,31.85,0.719,0.726,0.148,0.134,0.331,0.582,0.327,0.202,0.834,0.235,0.263,0.262,0.216,0.376,53.0,7.3
1631230,Dominick Barlow,PHI,22.0,71,23.8,7.7,4.8,1.2,0.9,0.7,0.8,0.539,0.256,0.718,0.4,1.9,2.9,1.2,1.8,5.6,112.7,111.9,0.8,0.597,0.125,0.069,0.075,0.118,0.565,0.078,3415000.0,1,Multi-Year,3.42,0.0,0.0,0.0,0.0,3.42,86.6,PF,3.42,0.383,0.257,0.686,0.676,0.653,0.801,0.797,0.66,0.125,0.592,0.339,0.53,0.644,0.699,59.7,7.8
1642285,Cam Spencer,MEM,26.0,72,23.8,11.1,2.5,5.6,0.7,0.2,1.3,0.473,0.449,0.94,-1.2,0.6,2.0,4.5,1.9,7.7,112.4,116.0,-3.6,0.649,0.166,0.332,0.022,0.082,0.604,0.12,2537989.0,3,Multi-Year,2.41,2.62,2.83,0.0,0.0,7.57,87.8,SG,2.54,0.615,0.928,0.258,0.852,0.452,0.282,0.818,0.897,0.415,0.388,0.812,0.507,0.284,0.339,64.9,12.0
1629012,Collin Sexton,CHI,27.0,68,23.7,15.4,2.3,3.3,1.1,0.1,2.1,0.485,0.401,0.855,-1.7,0.6,1.7,4.1,3.8,10.9,110.5,113.6,-3.0,0.615,0.248,0.217,0.024,0.065,0.561,0.113,18975000.0,0,Expiring,0.0,0.0,0.0,0.0,0.0,18.98,51.2,SG,18.98,0.806,0.755,0.206,0.648,0.808,0.133,0.357,0.776,0.872,0.418,0.756,0.356,0.497,0.479,61.5,11.3
1631109,Mark Williams,PHX,24.0,60,23.6,11.7,8.0,1.0,0.9,0.9,1.1,0.644,1.0,0.771,-0.7,3.1,4.9,0.0,2.9,7.3,111.3,113.3,-2.0,0.68,0.167,0.064,0.124,0.201,0.645,0.141,6276531.0,0,Expiring,0.0,0.0,0.0,0.0,0.0,6.28,73.2,C,6.28,0.643,0.191,0.932,0.93,0.653,0.886,0.59,0.95,0.427,0.461,0.917,0.416,0.53,0.69,68.0,14.1
1641729,Brice Sensabaugh,UTA,22.0,75,23.5,14.9,3.1,1.9,0.7,0.2,1.7,0.46,0.367,0.826,-5.1,0.7,2.3,5.9,2.7,11.4,111.4,120.8,-9.4,0.59,0.244,0.124,0.03,0.097,0.554,0.09,2693760.0,1,Multi-Year,4.86,0.0,0.0,0.0,0.0,7.56,91.5,SF,2.69,0.788,0.479,0.398,0.593,0.452,0.282,0.871,0.608,0.857,0.178,0.499,0.422,0.083,0.272,59.0,9.0
1627752,Taurean Prince,MIL,32.0,26,23.5,9.2,3.1,1.8,0.6,0.2,1.2,0.45,0.436,1.0,-2.0,0.2,3.0,5.4,0.2,7.3,113.7,117.5,-3.8,0.617,0.157,0.102,0.007,0.125,0.61,0.073,3303774.0,1,Multi-Year,3.82,0.0,0.0,0.0,0.0,3.3,31.7,SF,3.3,0.503,0.452,0.398,0.856,0.331,0.282,0.193,0.788,0.343,0.376,0.263,0.627,0.203,0.272,61.7,7.3
1631200,Kris Murray,POR,25.0,57,23.4,5.8,3.6,1.4,0.9,0.4,0.8,0.467,0.279,0.684,0.8,1.6,2.0,2.1,1.0,4.8,110.6,109.1,1.5,0.55,0.103,0.082,0.062,0.084,0.529,0.063,3132000.0,1,Multi-Year,5.32,0.0,0.0,0.0,0.0,8.45,69.5,SF,3.13,0.235,0.32,0.512,0.382,0.653,0.582,0.552,0.321,0.035,0.626,0.153,0.368,0.844,0.693,55.0,6.3
1642271,Kyle Filipowski,UTA,22.0,77,23.4,11.4,7.2,2.6,0.9,0.5,1.6,0.492,0.325,0.75,-3.3,1.9,5.3,3.0,2.8,8.5,113.7,120.4,-6.6,0.586,0.197,0.156,0.076,0.225,0.548,0.106,3000000.0,2,Multi-Year,3.0,3.0,0.0,0.0,0.0,3.0,93.9,C,3.0,0.627,0.635,0.904,0.543,0.653,0.684,0.91,0.583,0.66,0.269,0.677,0.627,0.1,0.479,58.6,10.6
1629640,Keldon Johnson,SAS,26.0,82,23.3,13.2,5.4,1.4,0.6,0.1,0.9,0.519,0.363,0.794,3.9,1.7,3.7,3.3,2.4,9.7,116.0,108.2,7.8,0.613,0.201,0.085,0.067,0.143,0.582,0.118,17500000.0,1,Multi-Year,17.5,0.0,0.0,0.0,0.0,35.0,100.0,SF,17.5,0.712,0.32,0.775,0.767,0.331,0.133,0.982,0.766,0.687,0.895,0.805,0.778,0.889,0.451,61.3,11.8
1629004,Svi Mykhailiuk,UTA,28.0,50,23.1,9.4,2.5,1.9,0.5,0.1,0.8,0.478,0.408,0.893,-1.5,0.7,1.8,4.8,0.6,7.2,114.9,117.9,-3.0,0.626,0.143,0.107,0.029,0.074,0.613,0.074,3675000.0,2,Multi-Year,3.85,4.03,0.0,0.0,0.0,0.0,61.0,SF,3.68,0.524,0.479,0.258,0.87,0.217,0.133,0.451,0.823,0.256,0.418,0.283,0.724,0.183,0.178,62.6,7.4
1630228,Jonathan Kuminga,ATL,23.0,36,23.1,12.2,5.6,2.3,0.6,0.3,1.9,0.463,0.333,0.724,2.0,1.4,4.3,2.9,3.4,9.4,112.0,108.0,4.1,0.557,0.226,0.148,0.056,0.182,0.515,0.111,23799569.0,1,Multi-Year,24.3,0.0,0.0,0.0,0.0,23.8,24.4,PF,23.8,0.679,0.573,0.804,0.288,0.331,0.443,0.162,0.356,0.798,0.771,0.732,0.475,0.899,0.558,55.7,11.1
1629013,Landry Shamet,NYK,29.0,51,23.0,9.3,1.8,1.4,0.6,0.2,0.6,0.437,0.392,0.711,3.7,0.5,1.4,5.2,1.5,7.1,115.2,107.0,8.1,0.598,0.151,0.084,0.019,0.058,0.578,0.07,2296274.0,0,Expiring,0.0,0.0,0.0,0.0,0.0,2.3,62.2,SG,2.3,0.516,0.32,0.107,0.751,0.331,0.282,0.463,0.668,0.301,0.909,0.229,0.743,0.918,0.51,59.8,7.0
1629001,De'Anthony Melton,GSW,27.0,49,23.0,12.3,3.2,2.6,1.6,0.4,1.9,0.407,0.294,0.826,1.9,0.8,2.4,5.0,2.5,10.8,114.3,110.4,3.9,0.518,0.244,0.164,0.033,0.108,0.475,0.09,3080921.0,1,Multi-Year,3.45,0.0,0.0,0.0,0.0,3.08,59.8,PG,3.08,0.688,0.635,0.415,0.124,0.965,0.582,0.438,0.147,0.857,0.755,0.499,0.679,0.768,0.772,51.8,9.0
1630533,Ziaire Williams,BKN,24.0,56,22.9,10.2,2.4,1.1,1.4,0.4,1.1,0.425,0.343,0.85,-5.0,0.5,1.9,4.5,2.5,7.7,103.1,113.2,-10.1,0.579,0.179,0.076,0.022,0.084,0.524,0.079,6250000.0,1,Multi-Year,6.25,0.0,0.0,0.0,0.0,6.25,68.3,SF,6.25,0.568,0.229,0.231,0.349,0.92,0.582,0.531,0.531,0.526,0.149,0.355,0.041,0.537,0.68,57.9,7.9
203114,Khris Middleton,DAL,34.0,63,22.8,10.2,3.7,2.8,0.7,0.1,1.7,0.42,0.36,0.875,-5.3,0.8,2.9,3.0,2.2,8.6,110.0,121.1,-11.1,0.533,0.198,0.171,0.033,0.118,0.482,0.073,33296296.0,0,Expiring,0.0,0.0,0.0,0.0,0.0,33.3,41.5,SF,33.3,0.568,0.683,0.527,0.142,0.452,0.133,0.263,0.221,0.669,0.113,0.263,0.303,0.08,0.222,53.3,7.3
203500,Steven Adams,HOU,32.0,32,22.8,5.8,8.6,1.5,0.7,0.6,1.1,0.504,0.0,0.58,6.1,4.5,4.1,0.0,2.5,4.3,117.3,105.5,11.8,0.535,0.116,0.084,0.189,0.165,0.504,0.1,14130434.0,2,Multi-Year,13.0,11.87,0.0,0.0,0.0,39.0,39.0,C,14.13,0.235,0.361,0.95,0.236,0.452,0.754,0.242,0.232,0.083,0.963,0.617,0.848,0.952,0.719,53.5,10.0
1630191,Isaiah Stewart,DET,24.0,58,22.7,10.0,5.0,1.1,0.3,1.6,1.2,0.55,0.333,0.756,0.7,1.7,3.3,2.1,2.3,6.9,112.8,111.0,1.8,0.632,0.164,0.073,0.07,0.135,0.6,0.095,15000000.0,2,Multi-Year,15.0,15.0,0.0,0.0,0.0,30.0,70.7,C,15.0,0.553,0.229,0.714,0.841,0.071,0.977,0.567,0.852,0.407,0.646,0.568,0.541,0.71,0.586,63.2,9.5
1631338,Mouhamadou Gueye,CHI,27.0,2,22.7,8.0,3.0,3.0,1.0,0.5,1.5,0.545,0.2,0.75,-8.0,1.0,2.0,2.5,2.0,5.5,112.0,129.3,-17.3,0.627,0.138,0.162,0.039,0.078,0.591,0.073,1000000.0,0,Minimum,0.0,0.0,0.0,0.0,0.0,0.0,2.4,PF,1.0,0.405,0.712,0.373,0.796,0.743,0.684,0.009,0.827,0.211,0.03,0.263,0.475,0.008,0.478,62.7,7.3
1642844,Dylan Harper,SAS,20.0,69,22.6,11.8,3.4,3.9,0.8,0.3,1.4,0.505,0.343,0.756,4.4,0.8,2.6,2.6,1.7,9.5,116.9,107.4,9.5,0.574,0.211,0.246,0.033,0.106,0.551,0.113,12370320.0,3,Multi-Year,12.99,13.61,17.17,0.0,0.0,25.36,84.1,SG,12.37,0.652,0.838,0.466,0.569,0.552,0.443,0.753,0.493,0.729,0.927,0.756,0.818,0.912,0.636,57.4,11.3
1629660,Ty Jerome,MEM,28.0,15,22.6,19.7,2.8,5.7,1.1,0.3,1.8,0.474,0.42,0.875,-3.0,0.7,2.1,6.7,3.7,14.3,122.2,127.2,-5.0,0.616,0.332,0.409,0.035,0.093,0.572,0.162,8781000.0,2,Multi-Year,9.22,9.66,0.0,0.0,0.0,18.0,18.3,SG,8.78,0.901,0.932,0.327,0.715,0.808,0.443,0.136,0.781,0.99,0.318,0.981,0.977,0.017,0.423,61.6,16.2
1642347,Jamal Shead,TOR,23.0,82,22.6,6.6,1.7,5.4,0.9,0.2,1.4,0.367,0.321,0.784,2.8,0.3,1.4,3.2,1.4,6.1,114.1,108.3,5.8,0.491,0.149,0.306,0.014,0.064,0.45,0.078,1955377.0,1,Multi-Year,2.3,0.0,0.0,0.0,0.0,1.96,100.0,PG,1.96,0.297,0.913,0.087,0.08,0.653,0.282,0.982,0.079,0.289,0.83,0.339,0.664,0.883,0.606,49.1,7.8
1642883,Sion James,CHA,23.0,82,22.5,5.4,3.5,2.0,0.6,0.2,0.8,0.371,0.352,0.837,0.8,0.6,2.9,2.9,1.2,4.5,113.2,109.9,3.3,0.531,0.109,0.121,0.026,0.124,0.483,0.062,2296274.0,3,Multi-Year,2.41,2.53,2.74,0.0,0.0,4.71,100.0,SG,2.3,0.182,0.506,0.49,0.149,0.331,0.282,0.982,0.206,0.058,0.719,0.14,0.579,0.81,0.474,53.1,6.2
1628989,Kevin Huerter,DET,27.0,69,22.5,10.0,3.5,2.6,0.9,0.5,1.0,0.451,0.308,0.775,1.2,0.5,3.0,4.7,1.0,8.6,113.1,110.8,2.3,0.552,0.184,0.161,0.021,0.125,0.535,0.093,17991071.0,0,Expiring,0.0,0.0,0.0,0.0,0.0,17.99,53.7,SF,17.99,0.553,0.635,0.49,0.442,0.653,0.684,0.386,0.333,0.577,0.669,0.542,0.567,0.726,0.688,55.2,9.3
1630692,Jordan Goodwin,PHX,27.0,70,22.5,8.7,4.9,2.2,1.5,0.2,1.0,0.413,0.371,0.696,1.3,2.0,2.9,4.3,0.8,7.9,113.4,110.1,3.3,0.525,0.167,0.136,0.08,0.134,0.514,0.098,2349578.0,0,Expiring,0.0,0.0,0.0,0.0,0.0,2.35,85.4,PG,2.35,0.473,0.552,0.699,0.283,0.948,0.282,0.778,0.179,0.427,0.719,0.599,0.596,0.786,0.672,52.5,9.8
1642258,Zaccharie Risacher,ATL,21.0,67,22.4,9.6,3.8,1.1,0.9,0.5,0.9,0.455,0.368,0.644,-0.2,1.1,2.8,3.9,1.3,8.0,112.8,112.6,0.2,0.557,0.168,0.068,0.044,0.121,0.544,0.07,13197720.0,2,Multi-Year,13.83,17.43,0.0,0.0,0.0,27.02,81.7,SF,13.2,0.532,0.229,0.542,0.512,0.653,0.684,0.711,0.356,0.439,0.562,0.229,0.541,0.593,0.643,55.7,7.0
1642955,Kadary Richmond,WAS,24.0,3,22.3,8.3,3.3,2.7,2.7,0.3,0.7,0.625,0.5,1.0,1.7,0.3,3.0,1.3,1.0,5.3,110.6,106.6,4.0,0.722,0.114,0.138,0.016,0.136,0.688,0.129,73153.0,0,Minimum,0.0,0.0,0.0,0.0,0.0,0.07,3.7,SG,0.07,0.437,0.664,0.44,0.979,1.0,0.443,0.02,0.98,0.077,0.763,0.868,0.368,0.929,0.791,72.2,12.9
1629731,Dean Wade,CLE,29.0,59,22.3,5.8,4.2,1.5,0.7,0.4,0.3,0.439,0.362,0.711,2.6,0.9,3.3,3.3,0.6,4.7,117.2,110.9,6.2,0.58,0.097,0.082,0.039,0.139,0.567,0.074,6623456.0,0,Expiring,0.0,0.0,0.0,0.0,0.0,0.0,72.0,PF,6.62,0.235,0.361,0.619,0.684,0.452,0.582,0.575,0.54,0.024,0.852,0.283,0.841,0.718,0.584,58.0,7.4
1642849,Nolan Traore,BKN,19.0,56,22.2,8.9,1.8,3.8,0.8,0.4,2.3,0.38,0.318,0.787,-5.0,0.3,1.5,3.4,1.7,8.6,108.2,118.8,-10.5,0.479,0.224,0.265,0.011,0.073,0.444,0.056,1000000.0,0,Minimum,0.0,0.0,0.0,0.0,0.0,0.0,68.3,?,1.0,0.487,0.826,0.107,0.068,0.552,0.582,0.531,0.065,0.786,0.139,0.089,0.193,0.154,0.429,47.9,5.6
1630314,Brandon Williams,DAL,26.0,66,22.2,13.0,2.9,3.9,0.9,0.3,1.9,0.472,0.232,0.793,-2.2,0.5,2.4,2.3,4.6,9.3,111.2,115.5,-4.4,0.572,0.242,0.256,0.019,0.105,0.501,0.115,2270735.0,0,Expiring,0.0,0.0,0.0,0.0,0.0,0.0,80.5,PG,2.27,0.708,0.838,0.347,0.221,0.653,0.443,0.694,0.466,0.85,0.345,0.781,0.409,0.319,0.472,57.2,11.5
1642276,Kel'el Ware,MIA,22.0,77,22.1,11.1,9.0,0.7,0.8,1.1,0.8,0.53,0.395,0.74,-0.9,2.8,6.2,3.0,1.2,8.4,113.0,114.1,-1.0,0.616,0.174,0.046,0.113,0.247,0.601,0.137,4443360.0,2,Multi-Year,4.65,7.14,0.0,0.0,0.0,9.1,93.9,C,4.44,0.615,0.079,0.961,0.848,0.552,0.93,0.91,0.781,0.476,0.5,0.896,0.553,0.435,0.639,61.6,13.7
1642860,Will Riley,WAS,20.0,74,22.1,10.3,2.9,2.0,0.7,0.1,1.3,0.439,0.316,0.8,-6.5,0.8,2.1,3.3,2.4,8.4,107.3,121.4,-14.1,0.548,0.196,0.131,0.033,0.097,0.502,0.08,3512520.0,3,Multi-Year,3.69,3.86,6.16,0.0,0.0,7.2,90.2,SF,3.51,0.577,0.506,0.347,0.226,0.452,0.133,0.852,0.307,0.65,0.055,0.367,0.158,0.069,0.218,54.8,8.0
1641757,Jordan Miller,LAC,26.0,60,22.1,10.0,3.0,2.3,0.8,0.2,1.1,0.531,0.345,0.777,-0.2,0.8,2.2,1.8,2.9,6.7,114.3,114.7,-0.4,0.628,0.177,0.157,0.041,0.097,0.579,0.106,712637.0,1,Minimum,2.5,0.0,0.0,0.0,0.0,3.21,73.2,SF,0.71,0.553,0.573,0.373,0.757,0.552,0.282,0.59,0.831,0.502,0.522,0.677,0.679,0.394,0.409,62.8,10.6
1642345,Oso Ighodaro,PHX,23.0,82,22.1,6.5,5.1,2.3,0.9,0.7,1.2,0.653,0.0,0.453,2.0,1.7,3.4,0.0,1.4,4.5,114.8,109.7,5.1,0.636,0.12,0.139,0.071,0.158,0.653,0.09,1955377.0,2,Multi-Year,2.3,2.49,0.0,0.0,0.0,1.96,100.0,PF,1.96,0.289,0.573,0.732,0.947,0.653,0.801,0.982,0.866,0.104,0.808,0.499,0.718,0.825,0.76,63.6,9.0
1629111,Jock Landale,ATL,30.0,68,22.1,10.6,5.7,1.7,0.5,0.5,0.9,0.515,0.383,0.635,-0.8,2.7,3.0,2.8,1.9,8.1,114.6,116.8,-2.2,0.595,0.177,0.11,0.111,0.136,0.582,0.098,2296274.0,0,Expiring,0.0,0.0,0.0,0.0,0.0,2.3,54.9,C,2.3,0.593,0.425,0.82,0.767,0.217,0.684,0.398,0.644,0.502,0.454,0.599,0.701,0.247,0.383,59.5,9.8
1642461,Spencer Jones,DEN,24.0,64,22.1,5.5,3.3,0.8,0.8,0.5,0.5,0.504,0.396,0.608,0.0,1.2,2.1,2.3,0.8,4.1,116.9,115.3,1.6,0.619,0.097,0.047,0.055,0.09,0.613,0.045,623967.0,0,Minimum,0.0,0.0,0.0,0.0,0.0,0.62,78.0,SF,0.62,0.197,0.11,0.44,0.87,0.552,0.684,0.647,0.795,0.024,0.634,0.03,0.818,0.336,0.524,61.9,4.5
1628370,Malik Monk,SAC,28.0,62,22.0,12.5,1.9,3.0,0.6,0.4,1.5,0.438,0.395,0.879,-4.1,0.2,1.6,5.1,1.7,10.2,110.0,118.3,-8.3,0.568,0.234,0.208,0.01,0.071,0.536,0.094,18797619.0,2,Multi-Year,20.19,21.58,0.0,0.0,0.0,38.99,75.6,SG,18.8,0.696,0.712,0.126,0.449,0.331,0.582,0.613,0.436,0.831,0.22,0.559,0.303,0.17,0.361,56.8,9.4
1642867,Collin Murray-Boyles,TOR,20.0,57,21.9,8.5,5.0,1.9,0.9,0.9,1.0,0.579,0.34,0.657,0.8,2.3,2.7,0.9,1.9,6.0,111.7,109.1,2.6,0.621,0.15,0.122,0.102,0.121,0.604,0.098,6332520.0,3,Multi-Year,6.65,6.97,8.87,0.0,0.0,12.98,69.5,PF,6.33,0.456,0.479,0.714,0.852,0.653,0.886,0.552,0.805,0.295,0.679,0.599,0.45,0.844,0.794,62.1,9.8
1630572,Sandro Mamukelashvili,TOR,26.0,80,21.9,11.2,4.9,1.9,0.8,0.5,0.8,0.523,0.389,0.747,2.3,1.4,3.6,3.7,2.0,7.9,114.9,109.7,5.3,0.637,0.181,0.123,0.06,0.163,0.614,0.123,2461463.0,1,Multi-Year,2.8,0.0,0.0,0.0,0.0,2.46,97.6,C,2.46,0.622,0.479,0.699,0.876,0.552,0.684,0.955,0.872,0.543,0.816,0.836,0.724,0.825,0.687,63.7,12.3
1630598,Aaron Wiggins,OKC,27.0,65,21.8,9.4,3.1,1.7,0.9,0.4,1.2,0.431,0.356,0.736,2.7,0.6,2.4,4.2,1.1,8.2,112.8,106.7,6.2,0.538,0.194,0.11,0.028,0.101,0.521,0.082,10102803.0,3,Multi-Year,9.22,8.35,8.35,0.0,0.0,27.67,79.3,SG,10.1,0.524,0.425,0.398,0.331,0.653,0.582,0.672,0.245,0.634,0.852,0.395,0.541,0.923,0.719,53.8,8.2
201572,Brook Lopez,LAC,38.0,75,21.8,8.5,3.6,1.3,0.6,1.2,0.8,0.428,0.36,0.757,0.6,0.6,3.0,4.2,1.0,7.2,113.9,112.7,1.2,0.552,0.171,0.087,0.03,0.135,0.533,0.076,8750000.0,1,Multi-Year,9.19,0.0,0.0,0.0,0.0,8.75,91.5,C,8.75,0.456,0.285,0.512,0.423,0.331,0.944,0.871,0.333,0.457,0.608,0.307,0.65,0.589,0.621,55.2,7.6
202691,Klay Thompson,DAL,36.0,69,21.7,11.7,2.1,1.4,0.5,0.3,0.9,0.393,0.383,0.766,-1.9,0.3,1.8,7.6,0.7,10.6,106.3,110.9,-4.6,0.541,0.214,0.096,0.011,0.074,0.532,0.077,16666667.0,1,Multi-Year,17.46,0.0,0.0,0.0,0.0,34.13,84.1,SF,16.67,0.643,0.32,0.17,0.415,0.217,0.443,0.753,0.266,0.747,0.33,0.321,0.109,0.718,0.459,54.1,7.7
1629655,Daniel Gafford,DAL,27.0,55,21.7,9.5,6.9,1.1,0.8,1.3,1.1,0.655,0.0,0.683,-3.4,2.5,4.4,0.0,2.9,5.7,105.9,113.0,-7.1,0.677,0.151,0.071,0.108,0.181,0.655,0.114,14386320.0,3,Multi-Year,17.26,18.13,18.99,0.0,0.0,68.77,67.1,C,14.39,0.529,0.229,0.886,0.954,0.552,0.954,0.516,0.945,0.301,0.254,0.768,0.096,0.558,0.688,67.7,11.4
1642942,Jahmai Mashack,MEM,23.0,31,21.7,6.2,2.6,2.2,1.2,0.5,1.6,0.395,0.253,0.543,-6.8,0.7,1.9,2.4,1.1,6.3,106.2,120.7,-14.5,0.456,0.156,0.141,0.031,0.086,0.444,0.041,1000000.0,0,Minimum,0.0,0.0,0.0,0.0,0.0,0.0,37.8,SG,1.0,0.265,0.552,0.287,0.068,0.858,0.684,0.235,0.041,0.336,0.046,0.023,0.107,0.087,0.543,45.6,4.1
1628379,Luke Kennard,LAL,29.0,78,21.5,8.4,2.3,2.2,0.7,0.1,0.8,0.533,0.478,0.913,0.5,0.4,1.9,3.1,0.9,5.7,114.2,113.7,0.5,0.689,0.131,0.139,0.019,0.086,0.665,0.089,11000000.0,0,Expiring,0.0,0.0,0.0,0.0,0.0,11.0,56.1,SG,11.0,0.447,0.552,0.206,0.96,0.452,0.133,0.408,0.963,0.152,0.581,0.484,0.67,0.481,0.355,68.9,8.9
201143,Al Horford,GSW,39.0,45,21.5,8.3,4.9,2.6,0.7,1.1,0.9,0.426,0.361,0.846,-0.2,1.0,3.9,4.6,0.6,7.2,112.7,113.5,-0.9,0.554,0.163,0.171,0.043,0.184,0.54,0.104,5685000.0,1,Multi-Year,5.97,0.0,0.0,0.0,0.0,5.68,54.9,C,5.68,0.437,0.635,0.699,0.485,0.452,0.93,0.398,0.343,0.4,0.505,0.653,0.53,0.513,0.632,55.4,10.4
1641713,GG Jackson,MEM,21.0,55,21.4,12.5,4.3,1.5,0.6,0.8,1.5,0.496,0.332,0.742,-1.5,0.9,3.4,3.5,2.7,9.3,114.0,117.5,-3.5,0.591,0.23,0.103,0.04,0.154,0.558,0.108,1000000.0,0,Minimum,0.0,0.0,0.0,0.0,0.0,0.0,67.1,?,1.0,0.696,0.361,0.632,0.622,0.331,0.849,0.516,0.615,0.817,0.396,0.695,0.659,0.203,0.461,59.1,10.8
1630249,Vít Krejčí,POR,25.0,65,21.4,8.5,2.3,1.5,0.7,0.3,0.6,0.448,0.39,0.745,-0.6,0.5,1.8,5.0,0.8,6.6,110.0,111.1,-1.1,0.609,0.142,0.099,0.02,0.081,0.597,0.068,2349578.0,2,Multi-Year,2.67,3.01,0.0,0.0,0.0,0.0,56.1,PG,2.35,0.456,0.361,0.206,0.818,0.452,0.443,0.408,0.734,0.244,0.495,0.191,0.303,0.698,0.531,60.9,6.8
1641750,Ryan Kalkbrenner,CHA,24.0,69,21.4,7.6,5.5,0.8,0.5,1.5,0.9,0.753,0.0,0.716,0.7,2.4,3.0,0.1,1.7,4.2,112.3,111.1,1.1,0.762,0.113,0.053,0.109,0.133,0.753,0.108,2296274.0,3,Multi-Year,2.41,2.53,2.74,0.0,0.0,4.71,84.1,C,2.3,0.377,0.11,0.788,0.992,0.217,0.965,0.753,0.994,0.068,0.606,0.695,0.5,0.698,0.627,76.2,10.8
1641767,Ben Sheppard,IND,24.0,65,21.4,7.1,3.0,1.8,0.6,0.1,0.6,0.434,0.362,0.765,-4.1,0.7,2.3,3.6,0.8,6.0,107.1,116.0,-8.8,0.561,0.131,0.112,0.028,0.106,0.543,0.066,2790720.0,1,Multi-Year,5.03,0.0,0.0,0.0,0.0,7.82,79.3,SG,2.79,0.329,0.452,0.373,0.504,0.331,0.133,0.672,0.377,0.152,0.197,0.17,0.137,0.284,0.249,56.1,6.6
203484,Kentavious Caldwell-Pope,MEM,33.0,51,21.3,8.4,2.5,2.7,0.8,0.2,1.2,0.41,0.316,0.913,-2.2,0.4,2.1,3.4,1.6,7.2,110.8,115.3,-4.5,0.533,0.173,0.181,0.017,0.094,0.485,0.083,21621500.0,1,Multi-Year,21.62,0.0,0.0,0.0,0.0,21.62,62.2,SG,21.62,0.447,0.664,0.258,0.156,0.552,0.282,0.463,0.221,0.466,0.336,0.411,0.383,0.336,0.39,53.3,8.3
1630590,Scotty Pippen Jr.,MEM,25.0,10,21.2,11.4,2.2,4.7,1.9,0.4,2.7,0.448,0.313,0.783,-5.0,0.8,1.4,3.2,2.3,9.6,107.1,118.7,-11.5,0.537,0.255,0.324,0.035,0.065,0.5,0.086,2270735.0,2,Multi-Year,2.46,2.79,0.0,0.0,0.0,2.27,12.2,PG,2.27,0.627,0.878,0.183,0.214,0.984,0.582,0.086,0.239,0.891,0.104,0.445,0.137,0.157,0.574,53.7,8.6
1630198,Isaiah Joe,OKC,26.0,71,21.2,11.1,2.5,1.3,0.7,0.2,0.6,0.455,0.423,0.894,5.0,0.5,2.1,6.0,1.7,7.6,116.9,105.2,11.7,0.657,0.178,0.089,0.022,0.09,0.622,0.099,12362338.0,2,Multi-Year,11.32,11.32,0.0,0.0,0.0,23.69,86.6,SG,12.36,0.615,0.285,0.258,0.892,0.452,0.282,0.797,0.914,0.515,0.959,0.611,0.818,0.957,0.564,65.7,9.9
1629018,Gary Trent Jr.,MIL,27.0,65,21.2,8.1,1.0,1.2,0.5,0.0,0.6,0.387,0.36,0.769,-5.4,0.1,0.9,5.3,0.8,7.3,107.9,120.4,-12.4,0.533,0.167,0.082,0.006,0.044,0.517,0.047,3697105.0,1,Multi-Year,3.88,0.0,0.0,0.0,0.0,3.7,79.3,SG,3.7,0.415,0.257,0.019,0.301,0.217,0.032,0.672,0.221,0.427,0.087,0.037,0.183,0.1,0.116,53.3,4.7
1628436,Luke Kornet,SAS,30.0,68,21.0,6.5,6.1,1.9,0.5,1.0,0.4,0.643,0.0,0.825,1.7,2.7,3.4,0.0,1.7,4.0,114.4,110.5,3.9,0.689,0.1,0.114,0.116,0.147,0.643,0.109,11000000.0,3,Multi-Year,10.45,9.9,9.35,0.0,0.0,24.0,82.9,C,11.0,0.289,0.479,0.845,0.925,0.217,0.91,0.729,0.963,0.029,0.755,0.71,0.688,0.762,0.63,68.9,10.9
1630560,Cam Thomas,MIL,24.0,42,21.0,13.5,1.7,2.6,0.2,0.1,1.8,0.41,0.31,0.811,-5.1,0.3,1.4,4.0,4.0,11.0,111.7,123.8,-12.1,0.53,0.295,0.208,0.012,0.071,0.466,0.089,6837779.0,0,Expiring,0.0,0.0,0.0,0.0,0.0,5.99,29.3,SG,6.84,0.725,0.635,0.087,0.097,0.029,0.133,0.182,0.202,0.962,0.093,0.484,0.45,0.034,0.065,53.0,8.9
1641989,Elijah Harkless,UTA,26.0,26,21.0,6.8,2.0,2.9,1.2,0.2,1.0,0.335,0.239,0.766,-1.3,0.4,1.7,3.4,2.5,6.2,113.5,116.0,-2.5,0.471,0.162,0.177,0.018,0.077,0.401,0.055,1000000.0,0,Minimum,0.0,0.0,0.0,0.0,0.0,0.0,31.7,SG,1.0,0.311,0.696,0.148,0.021,0.858,0.282,0.193,0.057,0.392,0.436,0.081,0.605,0.284,0.475,47.1,5.5
1630643,Jay Huff,IND,28.0,82,21.0,9.5,4.0,1.5,0.5,1.9,0.9,0.476,0.319,0.828,-3.1,0.9,3.1,4.5,1.2,7.5,107.4,113.7,-6.3,0.598,0.178,0.105,0.041,0.135,0.574,0.092,2349578.0,2,Multi-Year,2.67,3.01,0.0,0.0,0.0,2.35,100.0,C,2.35,0.529,0.361,0.583,0.73,0.217,0.994,0.982,0.668,0.515,0.285,0.524,0.167,0.481,0.564,59.8,9.2
1631121,Bryce McGowens,NOP,23.0,42,21.0,8.1,2.1,1.5,0.6,0.2,0.4,0.481,0.409,0.779,-1.7,0.3,1.8,2.2,2.3,5.6,115.3,118.9,-3.6,0.61,0.136,0.091,0.013,0.082,0.561,0.067,724598.0,2,Minimum,2.58,2.93,0.0,0.0,0.0,3.31,51.2,SG,0.72,0.415,0.361,0.17,0.648,0.331,0.282,0.357,0.747,0.189,0.388,0.18,0.746,0.15,0.254,61.0,6.7
1630610,DeJon Jarreau,MEM,28.0,11,21.0,8.0,4.6,3.3,0.9,0.7,2.4,0.398,0.133,0.783,-10.2,1.1,3.5,2.7,2.1,7.5,99.2,122.2,-23.0,0.473,0.211,0.265,0.046,0.174,0.422,0.073,1000000.0,0,Minimum,0.0,0.0,0.0,0.0,0.0,0.0,13.4,SG,1.0,0.405,0.755,0.666,0.036,0.653,0.801,0.095,0.059,0.729,0.015,0.263,0.013,0.056,0.503,47.3,7.3
1642962,Drake Powell,BKN,20.0,63,20.9,6.5,1.8,1.4,0.6,0.2,1.0,0.402,0.28,0.896,-7.1,0.3,1.4,2.9,1.2,5.7,100.3,116.3,-16.1,0.521,0.149,0.113,0.016,0.07,0.473,0.053,3372240.0,3,Multi-Year,3.54,3.71,6.1,0.0,0.0,6.91,76.8,SG,3.37,0.289,0.32,0.107,0.115,0.331,0.282,0.628,0.156,0.289,0.038,0.069,0.023,0.268,0.294,52.1,5.3
1642879,Ben Saraf,BKN,20.0,44,20.8,7.5,2.1,3.3,0.9,0.2,2.3,0.396,0.211,0.83,-5.4,0.5,1.6,2.0,2.0,6.9,103.6,116.0,-12.5,0.486,0.202,0.244,0.021,0.085,0.427,0.06,2884560.0,3,Multi-Year,3.03,3.17,5.72,0.0,0.0,5.91,53.7,SG,2.88,0.369,0.755,0.17,0.042,0.653,0.282,0.386,0.073,0.691,0.084,0.119,0.055,0.284,0.406,48.6,6.0
1628366,Lonzo Ball,CLE,28.0,35,20.8,4.6,4.0,3.9,1.3,0.3,1.5,0.301,0.272,0.667,0.9,0.7,3.3,4.2,0.6,5.0,111.0,109.7,1.3,0.432,0.13,0.236,0.032,0.148,0.415,0.077,10000000.0,0,Expiring,0.0,0.0,0.0,0.0,0.0,10.0,42.7,PG,10.0,0.136,0.838,0.583,0.027,0.891,0.443,0.275,0.025,0.147,0.614,0.321,0.396,0.825,0.72,43.2,7.7
1642874,Danny Wolf,BKN,21.0,57,20.8,8.9,4.9,2.2,0.5,0.6,1.3,0.405,0.322,0.771,-4.1,1.0,3.9,3.7,1.9,7.7,102.9,111.9,-9.0,0.521,0.201,0.178,0.046,0.195,0.482,0.096,2801280.0,3,Multi-Year,2.94,3.08,5.56,0.0,0.0,5.74,69.5,PF,2.8,0.487,0.552,0.699,0.142,0.217,0.754,0.552,0.156,0.687,0.194,0.579,0.037,0.644,0.538,52.1,9.6
1631126,Caleb Love,POR,24.0,49,20.7,10.4,2.3,2.5,0.6,0.1,1.3,0.388,0.318,0.735,-2.6,0.5,1.8,6.0,1.0,10.0,108.2,114.5,-6.3,0.497,0.228,0.187,0.023,0.083,0.483,0.079,1000000.0,0,Minimum,0.0,0.0,0.0,0.0,0.0,0.0,59.8,SG,1.0,0.584,0.61,0.206,0.149,0.331,0.133,0.438,0.088,0.81,0.285,0.355,0.193,0.408,0.291,49.7,7.9
1630188,Jalen Smith,CHI,26.0,53,20.7,10.2,6.7,1.2,0.5,0.8,1.0,0.483,0.373,0.742,1.6,1.8,4.8,4.2,1.8,7.6,116.4,113.0,3.4,0.608,0.183,0.081,0.085,0.218,0.584,0.109,9000000.0,1,Multi-Year,9.43,0.0,0.0,0.0,0.0,18.43,64.6,C,9.0,0.568,0.257,0.871,0.775,0.217,0.849,0.486,0.719,0.566,0.726,0.71,0.805,0.558,0.541,60.8,10.9
1642928,Dylan Cardwell,SAC,24.0,44,20.6,5.4,7.5,1.4,0.7,1.5,0.9,0.587,0.5,0.51,-1.5,3.3,4.2,0.1,1.2,4.1,108.6,111.1,-2.5,0.591,0.108,0.095,0.148,0.202,0.592,0.089,1000000.0,0,Minimum,0.0,0.0,0.0,0.0,0.0,0.0,53.7,C,1.0,0.182,0.32,0.915,0.801,0.452,0.965,0.386,0.615,0.052,0.436,0.484,0.218,0.698,0.705,59.1,8.9
1642364,Jamir Watkins,WAS,24.0,50,20.6,7.4,3.9,1.3,1.1,0.5,0.8,0.446,0.297,0.695,-3.3,1.0,2.9,3.2,1.6,5.9,109.4,115.8,-6.4,0.554,0.148,0.089,0.046,0.14,0.525,0.069,1000000.0,0,Minimum,0.0,0.0,0.0,0.0,0.0,0.0,61.0,SG,1.0,0.356,0.285,0.561,0.355,0.808,0.684,0.451,0.343,0.282,0.279,0.209,0.262,0.299,0.597,55.4,6.9
1642266,Ja'Kobe Walter,TOR,21.0,72,20.5,7.5,2.6,1.2,1.0,0.2,0.5,0.446,0.409,0.789,0.0,0.8,1.8,3.7,1.3,5.6,111.6,110.7,0.9,0.61,0.136,0.079,0.037,0.088,0.582,0.069,3638160.0,2,Multi-Year,3.81,5.87,0.0,0.0,0.0,7.45,87.8,SG,3.64,0.369,0.257,0.287,0.767,0.743,0.282,0.818,0.747,0.189,0.599,0.209,0.435,0.739,0.588,61.0,6.9
1631165,Keon Ellis,CLE,26.0,72,20.5,6.7,1.9,1.0,1.2,0.6,0.6,0.44,0.363,0.729,-2.0,0.5,1.3,3.5,1.0,5.3,110.6,115.4,-4.8,0.579,0.129,0.067,0.025,0.066,0.559,0.058,2301587.0,0,Expiring,0.0,0.0,0.0,0.0,0.0,2.3,52.4,SG,2.3,0.304,0.191,0.126,0.628,0.858,0.754,0.371,0.531,0.142,0.323,0.107,0.368,0.326,0.646,57.9,5.8
1630611,Gui Santos,GSW,23.0,68,20.5,9.2,3.9,2.3,0.9,0.3,1.5,0.5,0.351,0.725,0.5,1.1,2.8,3.3,1.8,6.8,111.7,110.7,1.0,0.609,0.181,0.168,0.052,0.138,0.585,0.097,2221677.0,0,Expiring,0.0,0.0,0.0,0.0,0.0,2.22,82.9,PF,2.22,0.503,0.573,0.561,0.778,0.653,0.443,0.729,0.734,0.543,0.603,0.588,0.45,0.739,0.612,60.9,9.7
1630172,Patrick Williams,CHI,24.0,72,20.5,7.0,3.0,1.5,0.7,0.4,1.0,0.372,0.347,0.72,-4.8,0.7,2.3,3.8,1.0,6.6,103.8,114.8,-11.0,0.494,0.159,0.101,0.03,0.106,0.472,0.057,18000000.0,3,Multi-Year,18.0,18.0,18.0,0.0,0.0,54.0,87.8,PF,18.0,0.322,0.361,0.373,0.108,0.452,0.582,0.818,0.086,0.361,0.117,0.099,0.058,0.381,0.472,49.4,5.7
1631246,Vince Williams Jr.,UTA,25.0,40,20.5,7.5,3.9,4.2,0.7,0.4,1.8,0.353,0.311,0.78,0.2,1.0,2.9,4.4,1.3,7.3,108.7,108.4,0.3,0.478,0.19,0.281,0.044,0.123,0.447,0.085,2301587.0,0,Expiring,0.0,0.0,0.0,0.0,0.0,2.3,41.5,PG,2.3,0.369,0.863,0.561,0.072,0.452,0.582,0.263,0.063,0.61,0.572,0.434,0.225,0.877,0.637,47.8,8.5
1642383,Walter Clayton Jr.,MEM,23.0,69,20.4,7.8,2.0,4.0,0.6,0.3,1.7,0.384,0.307,0.901,-4.1,0.4,1.7,3.5,1.8,6.7,111.7,121.2,-9.6,0.523,0.181,0.274,0.017,0.081,0.465,0.073,1000000.0,0,Minimum,0.0,0.0,0.0,0.0,0.0,0.0,84.1,?,1.0,0.389,0.847,0.148,0.092,0.331,0.443,0.753,0.164,0.543,0.171,0.263,0.45,0.077,0.284,52.3,7.3
1643052,Chaney Johnson,BKN,23.0,17,20.4,8.2,4.6,2.1,0.9,0.5,1.2,0.543,0.3,0.8,-4.6,1.9,2.7,1.8,2.1,5.5,107.0,116.0,-9.0,0.635,0.16,0.165,0.096,0.146,0.59,0.099,1000000.0,0,Minimum,0.0,0.0,0.0,0.0,0.0,0.0,20.7,SF,1.0,0.426,0.53,0.666,0.791,0.653,0.684,0.149,0.862,0.372,0.194,0.611,0.129,0.284,0.54,63.5,9.9
1630679,Ethan Thompson,IND,26.0,32,20.4,7.0,2.2,1.8,0.6,0.3,0.8,0.378,0.328,0.787,0.0,0.5,1.6,3.6,1.5,6.1,109.8,109.9,-0.1,0.515,0.154,0.122,0.025,0.078,0.474,0.051,1000000.0,0,Minimum,0.0,0.0,0.0,0.0,0.0,0.0,39.0,SG,1.0,0.322,0.452,0.183,0.121,0.331,0.443,0.242,0.13,0.327,0.538,0.056,0.288,0.81,0.528,51.5,5.1
1642396,Blake Hinson,UTA,26.0,14,20.4,11.9,2.4,1.1,0.4,0.1,0.4,0.513,0.468,0.75,3.2,0.8,1.6,5.6,1.1,8.2,114.5,107.8,6.7,0.684,0.175,0.077,0.035,0.071,0.674,0.101,1000000.0,0,Minimum,0.0,0.0,0.0,0.0,0.0,0.0,17.1,SF,1.0,0.658,0.229,0.231,0.969,0.132,0.133,0.125,0.958,0.484,0.872,0.624,0.692,0.906,0.39,68.4,10.1
1642914,Javon Small,MEM,23.0,41,20.2,9.7,3.1,3.7,0.8,0.2,1.4,0.465,0.423,0.829,-2.6,0.9,2.2,3.5,2.0,7.0,111.7,117.4,-5.7,0.611,0.183,0.257,0.04,0.109,0.569,0.109,1000000.0,0,Minimum,0.0,0.0,0.0,0.0,0.0,0.0,50.0,PG,1.0,0.537,0.81,0.398,0.698,0.552,0.282,0.343,0.755,0.566,0.302,0.71,0.45,0.21,0.348,61.1,10.9
1642450,Daniss Jenkins,DET,24.0,72,20.2,9.3,2.3,3.9,0.9,0.2,1.6,0.408,0.374,0.832,2.9,0.7,1.6,2.7,2.2,7.9,113.2,106.6,6.6,0.525,0.209,0.27,0.034,0.077,0.473,0.1,3809524.0,1,Multi-Year,4.0,0.0,0.0,0.0,0.0,3.81,87.8,PG,3.81,0.516,0.838,0.206,0.115,0.653,0.282,0.818,0.179,0.713,0.869,0.617,0.579,0.929,0.621,52.5,10.0
203078,Bradley Beal,LAC,32.0,6,20.2,8.2,0.8,1.7,0.5,0.0,1.5,0.375,0.368,0.75,-3.8,0.3,0.5,3.2,1.3,8.0,119.1,128.5,-9.3,0.476,0.224,0.106,0.019,0.025,0.448,0.018,24737010.0,4,Multi-Year,25.0,19.38,19.38,19.38,0.0,96.92,7.3,SG,24.74,0.426,0.425,0.008,0.075,0.217,0.032,0.056,0.061,0.786,0.183,0.008,0.915,0.01,0.086,47.6,1.8
1642954,Will Richard,GSW,23.0,69,20.0,6.4,2.5,1.3,1.2,0.1,0.8,0.468,0.335,0.852,-1.4,1.0,1.5,3.1,0.8,5.0,110.3,113.6,-3.3,0.596,0.123,0.094,0.045,0.078,0.571,0.063,1272870.0,3,Minimum,2.15,2.53,2.74,0.0,0.0,3.42,84.1,SG,1.27,0.28,0.285,0.258,0.708,0.858,0.133,0.753,0.651,0.117,0.404,0.153,0.335,0.497,0.496,59.6,6.3
1630551,Justin Champagnie,WAS,24.0,69,20.0,8.7,5.6,1.2,0.9,0.6,0.7,0.502,0.319,0.784,-4.3,2.1,3.5,2.4,1.5,6.7,110.0,119.4,-9.4,0.589,0.161,0.087,0.098,0.171,0.56,0.106,2349578.0,2,Multi-Year,2.67,3.01,0.0,0.0,0.0,5.02,84.1,SF,2.35,0.473,0.257,0.804,0.635,0.653,0.754,0.753,0.601,0.382,0.178,0.677,0.303,0.131,0.513,58.9,10.6
1629610,DaQuan Jeffries,SAC,28.0,3,20.0,10.3,1.7,0.3,0.7,0.0,0.0,0.579,0.444,1.0,0.3,1.0,0.7,3.0,1.7,6.3,121.5,120.7,0.8,0.731,0.141,0.025,0.042,0.038,0.684,0.078,1000000.0,0,Minimum,0.0,0.0,0.0,0.0,0.0,0.0,3.7,SG,1.0,0.577,0.015,0.087,0.975,0.452,0.032,0.02,0.985,0.229,0.592,0.339,0.972,0.087,0.19,73.1,7.8
1628963,Marvin Bagley III,DAL,27.0,60,20.0,10.5,6.1,1.4,0.5,0.7,1.0,0.618,0.462,0.66,-3.7,2.5,3.6,0.9,2.4,6.9,109.9,119.0,-9.1,0.661,0.18,0.107,0.116,0.171,0.647,0.123,2296274.0,0,Expiring,0.0,0.0,0.0,0.0,0.0,2.3,46.3,PF,2.3,0.59,0.32,0.845,0.934,0.217,0.801,0.313,0.918,0.534,0.19,0.836,0.291,0.143,0.387,66.1,12.3
1641842,Ronald Holland II,DET,20.0,78,19.9,8.2,4.0,1.2,1.2,0.3,1.2,0.432,0.253,0.805,1.7,1.1,3.0,2.5,1.9,7.0,110.2,104.5,5.7,0.525,0.184,0.088,0.052,0.141,0.478,0.085,1000000.0,0,Minimum,0.0,0.0,0.0,0.0,0.0,0.0,95.1,?,1.0,0.426,0.257,0.583,0.131,0.858,0.443,0.936,0.179,0.577,0.825,0.434,0.324,0.966,0.756,52.5,8.5
1630631,Jose Alvarado,NYK,28.0,69,19.9,7.4,2.5,3.4,1.0,0.1,1.1,0.416,0.352,0.761,0.3,0.4,2.1,4.2,0.7,6.5,112.0,110.7,1.3,0.543,0.167,0.244,0.018,0.1,0.529,0.088,4500000.0,1,Multi-Year,4.5,0.0,0.0,0.0,0.0,4.5,50.0,PG,4.5,0.356,0.774,0.258,0.382,0.743,0.133,0.343,0.276,0.427,0.614,0.474,0.475,0.739,0.538,54.3,8.8
1629723,John Konchar,UTA,30.0,56,19.9,4.4,4.3,2.1,1.5,0.7,0.6,0.472,0.283,0.727,-2.6,1.3,3.0,1.8,0.8,3.6,106.1,112.0,-5.9,0.568,0.09,0.136,0.059,0.14,0.543,0.09,6165000.0,1,Multi-Year,6.16,0.0,0.0,0.0,0.0,12.33,36.6,SG,6.16,0.111,0.53,0.632,0.504,0.948,0.801,0.224,0.436,0.009,0.297,0.499,0.105,0.633,0.794,56.8,9.0
1642920,Kobe Sanders,LAC,23.0,68,19.9,7.3,2.3,1.6,0.7,0.1,1.2,0.466,0.408,0.826,0.5,0.4,1.8,2.9,1.0,5.6,113.1,112.9,0.2,0.597,0.155,0.117,0.022,0.088,0.57,0.062,475497.0,1,Minimum,2.15,0.0,0.0,0.0,0.0,0.48,82.9,SG,0.48,0.345,0.397,0.206,0.702,0.452,0.133,0.729,0.66,0.332,0.562,0.14,0.567,0.569,0.385,59.7,6.2
1629684,Grant Williams,CHA,27.0,36,19.8,7.0,3.9,1.6,0.5,0.5,0.9,0.426,0.388,0.815,5.6,1.3,2.7,3.7,1.5,5.1,119.2,106.3,12.9,0.609,0.132,0.106,0.06,0.127,0.568,0.089,13645500.0,1,Multi-Year,14.27,0.0,0.0,0.0,0.0,27.91,43.9,PF,13.65,0.322,0.397,0.561,0.692,0.217,0.684,0.284,0.734,0.158,0.977,0.484,0.919,0.938,0.613,60.9,8.9
203937,Kyle Anderson,MIN,32.0,43,19.8,6.2,3.5,2.9,1.0,0.6,0.9,0.53,0.364,0.706,-1.9,1.0,2.5,0.3,1.6,4.7,107.4,111.6,-4.2,0.573,0.131,0.204,0.047,0.121,0.54,0.095,9219512.0,0,Expiring,0.0,0.0,0.0,0.0,0.0,9.22,24.4,SF,9.22,0.265,0.696,0.49,0.485,0.743,0.754,0.162,0.477,0.152,0.361,0.568,0.167,0.667,0.721,57.3,9.5
1642274,Yves Missi,NOP,21.0,66,19.7,5.7,5.8,1.3,0.3,1.5,0.8,0.544,0.0,0.559,-0.6,2.8,3.1,0.0,1.5,4.5,112.7,114.1,-1.3,0.556,0.122,0.087,0.128,0.147,0.544,0.087,3353040.0,2,Multi-Year,3.51,5.6,0.0,0.0,0.0,6.87,80.5,C,3.35,0.217,0.285,0.833,0.512,0.071,0.965,0.694,0.35,0.111,0.485,0.459,0.53,0.435,0.49,55.6,8.7
203992,Bogdan Bogdanović,LAC,33.0,23,19.7,7.4,2.6,2.2,0.4,0.1,1.2,0.388,0.347,0.8,-1.3,0.3,2.3,4.1,1.1,6.6,109.1,113.5,-4.4,0.525,0.185,0.184,0.014,0.112,0.497,0.069,16020000.0,1,Multi-Year,16.02,0.0,0.0,0.0,0.0,16.02,28.0,SG,16.02,0.356,0.552,0.287,0.203,0.132,0.133,0.176,0.179,0.583,0.345,0.209,0.24,0.513,0.259,52.5,6.9
1631119,Jaylin Williams,OKC,23.0,65,19.7,7.2,5.5,2.4,0.5,0.6,1.0,0.423,0.383,0.793,4.7,0.5,5.0,3.9,1.4,5.4,114.6,103.1,11.5,0.597,0.153,0.169,0.025,0.225,0.563,0.115,8450704.0,2,Multi-Year,7.77,7.77,0.0,0.0,0.0,16.23,79.3,PF,8.45,0.336,0.591,0.788,0.665,0.217,0.754,0.672,0.66,0.319,0.954,0.781,0.701,0.98,0.65,59.7,11.5
1630579,Jericho Sims,MIL,27.0,67,19.7,5.0,5.5,1.6,0.3,0.3,1.1,0.784,0.0,0.62,-4.1,2.2,3.3,0.0,1.1,2.8,110.3,120.3,-10.1,0.772,0.095,0.109,0.115,0.171,0.784,0.083,2461463.0,1,Multi-Year,2.8,0.0,0.0,0.0,0.0,2.46,81.7,C,2.46,0.147,0.397,0.788,0.999,0.071,0.443,0.711,0.996,0.019,0.149,0.411,0.335,0.108,0.207,77.2,8.3
1629011,Mitchell Robinson,NYK,28.0,60,19.6,5.7,8.8,0.9,0.9,1.2,0.7,0.723,0.0,0.408,2.6,4.2,4.6,0.0,1.7,3.4,117.7,109.9,7.8,0.676,0.102,0.058,0.201,0.227,0.723,0.124,12954546.0,0,Expiring,0.0,0.0,0.0,0.0,0.0,12.95,73.2,C,12.95,0.217,0.149,0.954,0.987,0.653,0.944,0.59,0.942,0.031,0.895,0.844,0.857,0.81,0.802,67.6,12.4
1642948,Ryan Nembhard,DAL,23.0,60,19.5,6.6,2.2,5.3,0.4,0.0,1.4,0.415,0.356,0.806,-0.4,0.2,2.0,2.3,0.5,6.5,111.2,113.1,-1.9,0.492,0.173,0.353,0.011,0.095,0.477,0.087,1000000.0,0,Minimum,0.0,0.0,0.0,0.0,0.0,0.0,73.2,PG,1.0,0.297,0.906,0.183,0.128,0.132,0.032,0.59,0.082,0.466,0.47,0.459,0.409,0.545,0.236,49.2,8.7
1642967,John Poulakidas,DAL,23.0,13,19.5,8.8,2.3,0.8,0.5,0.3,0.3,0.429,0.403,0.857,-1.2,0.3,2.0,5.9,0.5,7.0,110.5,112.8,-2.3,0.611,0.153,0.061,0.014,0.096,0.599,0.069,1000000.0,0,Minimum,0.0,0.0,0.0,0.0,0.0,0.0,15.9,SG,1.0,0.48,0.11,0.206,0.829,0.217,0.443,0.114,0.755,0.319,0.449,0.209,0.356,0.581,0.414,61.1,6.9
203083,Andre Drummond,PHI,32.0,63,19.5,6.4,8.4,1.3,0.6,0.8,1.0,0.472,0.356,0.631,-1.4,3.2,5.3,1.4,1.3,5.3,110.3,113.6,-3.2,0.539,0.143,0.09,0.145,0.264,0.519,0.113,5000000.0,0,Expiring,0.0,0.0,0.0,0.0,0.0,5.0,76.8,C,5.0,0.28,0.285,0.941,0.309,0.331,0.849,0.628,0.251,0.256,0.409,0.756,0.335,0.497,0.559,53.9,11.3
1642346,Ryan Dunn,PHX,23.0,70,19.4,5.8,4.2,1.5,0.9,0.4,0.8,0.453,0.331,0.489,0.1,1.4,2.8,2.4,0.7,5.2,110.4,108.7,1.7,0.532,0.136,0.105,0.068,0.142,0.53,0.081,2657760.0,2,Multi-Year,2.78,5.03,0.0,0.0,0.0,5.44,85.4,SF,2.66,0.235,0.361,0.619,0.396,0.653,0.582,0.778,0.212,0.189,0.64,0.379,0.347,0.866,0.7,53.2,8.1
1630695,Micah Potter,IND,28.0,47,19.3,9.7,5.0,1.5,0.5,0.3,1.0,0.515,0.423,0.842,-2.6,1.2,3.7,3.6,2.1,6.2,108.4,114.8,-6.4,0.679,0.174,0.111,0.061,0.193,0.637,0.114,1527805.0,1,Multi-Year,2.8,0.0,0.0,0.0,0.0,1.53,57.3,C,1.53,0.537,0.361,0.714,0.917,0.217,0.443,0.416,0.948,0.476,0.279,0.768,0.206,0.381,0.347,67.9,11.4
1631172,Ousmane Dieng,MIL,22.0,57,19.3,7.6,3.2,2.4,0.4,0.3,1.3,0.422,0.341,0.711,-3.7,0.5,2.6,3.2,0.8,7.0,108.7,117.3,-8.6,0.516,0.192,0.185,0.026,0.136,0.501,0.075,6670882.0,0,Expiring,0.0,0.0,0.0,0.0,0.0,6.67,36.6,C,6.67,0.377,0.591,0.415,0.221,0.132,0.443,0.224,0.135,0.622,0.206,0.296,0.225,0.216,0.264,51.6,7.5
1627747,Caris LeVert,DET,31.0,60,19.2,7.4,2.0,2.7,0.9,0.7,1.4,0.417,0.333,0.679,-0.1,0.4,1.6,3.0,1.4,6.5,108.6,107.7,0.8,0.518,0.178,0.202,0.018,0.074,0.494,0.081,14104000.0,1,Multi-Year,14.81,0.0,0.0,0.0,0.0,28.91,73.2,SG,14.1,0.356,0.664,0.148,0.189,0.653,0.801,0.59,0.147,0.515,0.592,0.379,0.218,0.908,0.787,51.8,8.1
1631321,Sidy Cissoko,POR,22.0,75,19.1,5.1,2.2,1.5,0.7,0.3,0.9,0.398,0.298,0.659,-0.8,0.8,1.4,2.6,1.2,4.5,109.2,110.9,-1.7,0.514,0.123,0.107,0.041,0.071,0.487,0.036,686243.0,1,Minimum,2.5,0.0,0.0,0.0,0.0,0.69,91.5,SF,0.69,0.152,0.361,0.183,0.161,0.452,0.443,0.871,0.125,0.117,0.475,0.017,0.246,0.718,0.538,51.4,3.6
1626156,D'Angelo Russell,WAS,30.0,26,19.0,10.2,2.3,4.0,0.5,0.1,1.9,0.405,0.295,0.717,-1.6,0.3,2.0,4.3,2.3,8.9,107.9,111.2,-3.3,0.511,0.261,0.328,0.016,0.092,0.476,0.098,5685000.0,1,Multi-Year,5.97,0.0,0.0,0.0,0.0,5.68,31.7,PG,5.68,0.568,0.847,0.206,0.126,0.217,0.133,0.193,0.117,0.906,0.404,0.599,0.183,0.69,0.347,51.1,9.8
1641707,Taylor Hendricks,MEM,22.0,59,19.0,7.4,3.7,0.9,0.8,0.5,0.8,0.459,0.342,0.681,-4.4,1.1,2.6,3.1,1.2,6.0,108.4,119.1,-10.7,0.566,0.157,0.07,0.054,0.141,0.548,0.077,6127080.0,1,Multi-Year,7.81,0.0,0.0,0.0,0.0,13.93,40.2,PF,6.13,0.356,0.149,0.527,0.543,0.552,0.684,0.252,0.416,0.343,0.13,0.321,0.206,0.136,0.457,56.6,7.7
1630549,Day'Ron Sharpe,BKN,24.0,62,18.7,8.7,6.7,2.3,1.1,0.4,1.7,0.601,0.231,0.678,-1.8,2.8,3.9,0.6,2.5,5.7,107.3,111.7,-4.3,0.638,0.19,0.207,0.143,0.222,0.614,0.141,6250000.0,1,Multi-Year,6.25,0.0,0.0,0.0,0.0,6.25,75.6,C,6.25,0.473,0.573,0.871,0.876,0.808,0.582,0.613,0.877,0.61,0.355,0.917,0.158,0.655,0.682,63.8,14.1
1631248,Baylor Scheierman,BOS,25.0,77,18.6,5.5,3.5,1.5,0.5,0.1,0.6,0.453,0.399,0.903,2.6,0.7,2.8,3.2,0.4,4.3,116.3,109.0,7.3,0.616,0.117,0.108,0.038,0.138,0.599,0.085,2619000.0,2,Multi-Year,2.74,4.95,0.0,0.0,0.0,5.36,93.9,SG,2.62,0.197,0.361,0.49,0.829,0.217,0.133,0.91,0.781,0.088,0.884,0.434,0.8,0.851,0.4,61.6,8.5
1641765,Olivier-Maxence Prosper,MEM,23.0,53,18.6,10.0,3.5,1.0,0.8,0.2,0.9,0.549,0.405,0.754,-3.9,1.1,2.4,2.8,2.2,6.6,110.7,120.4,-9.7,0.662,0.183,0.077,0.057,0.127,0.634,0.103,1002360.0,2,Minimum,1.0,1.0,0.0,0.0,0.0,3.01,64.6,PF,1.0,0.553,0.191,0.49,0.907,0.552,0.282,0.486,0.92,0.566,0.167,0.643,0.377,0.1,0.311,66.2,10.3
1630557,Corey Kispert,ATL,27.0,58,18.6,9.2,2.3,1.6,0.3,0.2,0.8,0.467,0.367,0.794,-2.6,0.5,1.8,4.1,1.7,6.8,108.9,115.9,-7.0,0.609,0.179,0.121,0.022,0.091,0.577,0.088,13975000.0,3,Multi-Year,13.98,13.05,13.05,0.0,0.0,41.0,47.6,SF,13.98,0.503,0.397,0.206,0.743,0.071,0.282,0.327,0.734,0.526,0.257,0.474,0.234,0.294,0.216,60.9,8.8
1630311,Pat Spencer,GSW,29.0,66,18.6,7.2,2.4,3.5,0.7,0.1,1.3,0.427,0.357,0.772,-1.4,0.8,1.6,2.5,0.9,6.6,112.1,115.6,-3.4,0.516,0.185,0.27,0.041,0.091,0.495,0.087,857804.0,0,Minimum,0.0,0.0,0.0,0.0,0.0,0.86,80.5,PG,0.86,0.336,0.783,0.231,0.192,0.452,0.133,0.694,0.135,0.583,0.399,0.459,0.485,0.31,0.298,51.6,8.7
1642277,Johnny Furphy,IND,21.0,35,18.4,5.1,4.4,1.2,0.6,0.2,0.8,0.47,0.324,0.486,-1.7,0.9,3.5,2.0,1.0,4.3,110.1,114.8,-4.6,0.547,0.125,0.085,0.049,0.191,0.547,0.066,1955377.0,2,Multi-Year,2.3,2.49,0.0,0.0,0.0,4.25,42.7,SG,1.96,0.152,0.257,0.645,0.531,0.331,0.282,0.275,0.302,0.125,0.33,0.17,0.316,0.381,0.331,54.7,6.6
1642269,Devin Carter,SAC,24.0,38,18.4,8.9,3.3,2.7,0.9,0.2,1.4,0.414,0.263,0.713,-3.0,0.9,2.3,3.0,2.5,7.7,111.0,118.3,-7.3,0.508,0.226,0.209,0.048,0.13,0.466,0.094,4923720.0,2,Multi-Year,5.16,7.37,0.0,0.0,0.0,10.08,46.3,PG,4.92,0.487,0.664,0.44,0.097,0.653,0.282,0.313,0.109,0.798,0.247,0.559,0.396,0.17,0.368,50.8,9.4
1628380,Zach Collins,CHI,28.0,10,18.4,9.7,5.6,1.5,0.2,0.4,1.0,0.578,0.429,0.7,1.8,1.6,4.0,2.1,2.0,6.4,115.0,111.6,3.4,0.666,0.177,0.114,0.081,0.205,0.648,0.123,18080496.0,0,Expiring,0.0,0.0,0.0,0.0,0.0,18.08,12.2,C,18.08,0.537,0.361,0.804,0.937,0.029,0.582,0.086,0.927,0.502,0.726,0.836,0.734,0.667,0.426,66.6,12.3
1642933,Keshon Gilbert,ATL,22.0,4,18.4,4.3,1.3,3.0,0.8,1.0,2.0,0.417,0.0,1.0,-14.5,0.5,0.8,0.8,1.8,3.0,103.2,141.3,-38.1,0.564,0.131,0.222,0.028,0.046,0.417,0.049,73153.0,0,Minimum,0.0,0.0,0.0,0.0,0.0,0.07,3.7,PG,0.07,0.092,0.712,0.051,0.029,0.552,0.91,0.02,0.404,0.152,0.002,0.043,0.045,0.0,0.487,56.4,4.9
201144,Mike Conley,MIN,38.0,54,18.4,4.5,1.7,2.9,0.6,0.3,0.6,0.335,0.337,0.9,0.3,0.3,1.4,3.1,0.9,4.0,112.3,112.1,0.2,0.517,0.113,0.205,0.017,0.074,0.465,0.061,11499872.0,0,Expiring,0.0,0.0,0.0,0.0,0.0,10.77,65.9,PG,11.5,0.127,0.696,0.087,0.092,0.331,0.443,0.502,0.142,0.068,0.562,0.128,0.5,0.621,0.465,51.7,6.1
1631245,Quenton Jackson,IND,27.0,49,18.3,9.1,2.3,2.9,0.6,0.1,1.3,0.47,0.356,0.824,-1.3,0.6,1.8,2.4,2.4,6.7,109.1,112.9,-3.8,0.589,0.2,0.227,0.03,0.092,0.534,0.096,1000000.0,0,Minimum,0.0,0.0,0.0,0.0,0.0,0.0,59.8,PG,1.0,0.495,0.696,0.206,0.435,0.331,0.133,0.438,0.601,0.679,0.376,0.579,0.24,0.569,0.344,58.9,9.6
1629637,Jaxson Hayes,LAL,25.0,66,18.3,7.5,4.1,0.9,0.4,0.8,0.5,0.756,1.0,0.653,1.1,1.5,2.6,0.0,2.3,4.0,115.5,113.1,2.4,0.758,0.124,0.071,0.083,0.139,0.761,0.109,3449323.0,0,Expiring,0.0,0.0,0.0,0.0,0.0,3.45,80.5,C,3.45,0.369,0.149,0.604,0.994,0.132,0.849,0.694,0.992,0.122,0.674,0.71,0.755,0.545,0.509,75.8,10.9
1627936,Alex Caruso,OKC,32.0,56,18.2,6.2,2.8,2.0,1.3,0.3,0.9,0.423,0.293,0.804,6.8,0.5,2.3,3.2,0.9,5.4,116.9,99.3,17.6,0.54,0.152,0.145,0.028,0.113,0.512,0.093,18102000.0,3,Multi-Year,19.55,21.0,22.45,0.0,0.0,81.1,68.3,SG,18.1,0.265,0.506,0.327,0.274,0.891,0.443,0.531,0.258,0.309,0.997,0.542,0.818,0.994,0.776,54.0,9.3
1631093,Jaden Ivey,CHI,24.0,37,18.1,8.5,2.5,1.8,0.6,0.4,1.1,0.445,0.373,0.809,0.7,0.6,1.8,3.6,1.3,6.9,110.3,108.2,2.1,0.571,0.192,0.145,0.034,0.096,0.543,0.091,10107163.0,0,Expiring,0.0,0.0,0.0,0.0,0.0,10.11,40.2,SG,10.11,0.456,0.452,0.258,0.504,0.331,0.582,0.252,0.459,0.622,0.656,0.513,0.335,0.889,0.601,57.1,9.1
1641854,Craig Porter Jr.,CLE,26.0,64,17.9,4.5,3.4,3.2,0.9,0.6,0.9,0.45,0.355,0.6,1.6,1.3,2.1,1.5,0.6,4.0,116.2,111.6,4.6,0.524,0.119,0.225,0.07,0.115,0.514,0.092,2221677.0,1,Multi-Year,2.41,0.0,0.0,0.0,0.0,0.0,78.0,PG,2.22,0.127,0.736,0.466,0.283,0.653,0.754,0.647,0.17,0.096,0.792,0.524,0.794,0.667,0.691,52.4,9.2
203903,Jordan Clarkson,NYK,33.0,72,17.8,8.6,1.8,1.3,0.4,0.1,0.9,0.451,0.327,0.83,1.5,0.9,0.9,3.0,1.3,7.3,115.4,111.7,3.7,0.548,0.203,0.11,0.047,0.049,0.517,0.068,12947835.0,0,Expiring,0.0,0.0,0.0,0.0,0.0,10.65,87.8,SG,12.95,0.465,0.285,0.107,0.301,0.132,0.133,0.818,0.307,0.696,0.747,0.191,0.749,0.655,0.307,54.8,6.8
1641775,Jordan Walsh,BOS,22.0,68,17.8,5.4,4.0,0.8,0.7,0.5,0.5,0.509,0.384,0.772,1.4,1.3,2.8,1.8,0.8,3.9,117.9,112.8,5.1,0.623,0.114,0.059,0.069,0.146,0.599,0.08,2221677.0,1,Multi-Year,2.41,0.0,0.0,0.0,0.0,0.2,82.9,PF,2.22,0.182,0.11,0.583,0.829,0.452,0.684,0.729,0.811,0.077,0.808,0.367,0.867,0.581,0.572,62.3,8.0
1642857,Kasparas Jakučionis,MIA,19.0,53,17.8,6.2,2.6,2.6,0.6,0.1,0.9,0.429,0.423,0.879,1.4,0.8,1.8,2.9,1.2,4.5,115.9,112.9,3.0,0.614,0.129,0.178,0.04,0.096,0.567,0.073,3658800.0,3,Multi-Year,3.84,4.02,6.21,0.0,0.0,7.5,64.6,PG,3.66,0.265,0.635,0.287,0.684,0.331,0.133,0.486,0.773,0.142,0.694,0.263,0.771,0.569,0.344,61.4,7.3
1630167,Obi Toppin,IND,28.0,24,17.7,11.6,4.4,2.3,0.5,0.0,1.2,0.503,0.352,0.913,-1.4,0.5,3.9,4.4,1.9,8.3,113.9,117.5,-3.6,0.636,0.241,0.193,0.03,0.206,0.595,0.143,14000000.0,2,Multi-Year,15.0,16.02,0.0,0.0,0.0,45.02,29.3,PF,14.0,0.634,0.573,0.645,0.81,0.217,0.032,0.182,0.866,0.847,0.388,0.934,0.65,0.203,0.151,63.6,14.3
1629750,Javonte Green,DET,32.0,82,17.6,6.9,2.8,0.7,1.2,0.3,0.5,0.447,0.381,0.84,2.6,0.8,2.0,3.0,1.5,5.0,113.0,105.4,7.6,0.607,0.143,0.052,0.042,0.112,0.56,0.095,2296274.0,0,Expiring,0.0,0.0,0.0,0.0,0.0,2.3,100.0,SG,2.3,0.316,0.079,0.327,0.635,0.858,0.443,0.982,0.711,0.256,0.889,0.568,0.553,0.954,0.752,60.7,9.5
1630165,Killian Hayes,SAC,24.0,23,17.6,5.5,2.3,3.5,0.9,0.2,1.2,0.304,0.27,0.929,-0.8,0.2,2.2,2.7,1.2,6.0,107.8,110.6,-2.8,0.422,0.179,0.265,0.009,0.117,0.366,0.071,263940.0,0,Minimum,0.0,0.0,0.0,0.0,0.0,0.26,28.0,PG,0.26,0.197,0.783,0.206,0.015,0.653,0.282,0.176,0.019,0.526,0.43,0.239,0.18,0.754,0.563,42.2,7.1
201587,Nicolas Batum,LAC,37.0,74,17.5,4.0,2.5,0.9,0.6,0.3,0.5,0.403,0.404,0.818,-0.2,0.3,2.2,3.1,0.1,3.2,113.2,113.8,-0.5,0.603,0.092,0.069,0.018,0.119,0.597,0.058,5601600.0,1,Multi-Year,5.88,0.0,0.0,0.0,0.0,5.6,90.2,PF,5.6,0.072,0.149,0.258,0.818,0.331,0.443,0.852,0.693,0.014,0.517,0.107,0.579,0.469,0.414,60.3,5.8
1641737,Adem Bona,PHI,23.0,71,17.4,4.8,4.3,0.5,0.4,1.2,0.8,0.595,0.333,0.708,-0.1,1.8,2.5,0.1,1.6,3.1,113.1,112.8,0.3,0.638,0.108,0.034,0.099,0.138,0.6,0.069,1955377.0,2,Multi-Year,2.3,2.49,0.0,0.0,0.0,0.0,86.6,C,1.96,0.144,0.04,0.632,0.841,0.132,0.944,0.797,0.877,0.052,0.572,0.209,0.567,0.581,0.552,63.8,6.9
1629006,Josh Okogie,HOU,27.0,78,17.4,4.5,2.6,0.9,0.8,0.2,0.5,0.425,0.385,0.594,0.9,1.0,1.5,2.1,0.9,3.8,115.4,109.9,5.6,0.544,0.112,0.065,0.059,0.085,0.531,0.056,2296274.0,0,Expiring,0.0,0.0,0.0,0.0,0.0,2.3,95.1,SG,2.3,0.127,0.149,0.287,0.407,0.552,0.282,0.936,0.283,0.062,0.822,0.089,0.749,0.81,0.548,54.4,5.6
1629020,Jarred Vanderbilt,LAL,27.0,65,17.3,4.4,4.5,1.3,0.8,0.3,0.9,0.471,0.293,0.589,0.1,1.2,3.3,1.5,0.9,3.7,113.9,113.7,0.2,0.544,0.119,0.098,0.073,0.194,0.531,0.08,11571429.0,2,Multi-Year,12.43,13.29,0.0,0.0,0.0,24.0,79.3,PF,11.57,0.111,0.285,0.655,0.407,0.552,0.443,0.672,0.283,0.096,0.562,0.367,0.65,0.481,0.492,54.4,8.0
1630264,Anthony Gill,WAS,33.0,55,17.3,5.8,2.9,1.3,0.6,0.4,0.7,0.628,0.354,0.739,-5.3,1.1,1.8,0.9,0.8,3.9,107.0,121.4,-14.4,0.682,0.116,0.101,0.059,0.112,0.667,0.08,2296274.0,0,Expiring,0.0,0.0,0.0,0.0,0.0,2.3,67.1,PF,2.3,0.235,0.285,0.347,0.963,0.331,0.582,0.516,0.955,0.083,0.048,0.367,0.129,0.069,0.327,68.2,8.0
1642272,Jared McCain,OKC,22.0,67,17.3,8.3,2.0,1.3,0.5,0.1,0.8,0.425,0.385,0.864,1.9,0.3,1.7,3.8,0.9,7.2,113.5,108.9,4.6,0.551,0.198,0.111,0.019,0.092,0.528,0.079,4221360.0,2,Multi-Year,4.42,6.78,0.0,0.0,0.0,8.64,45.1,SG,4.22,0.437,0.285,0.148,0.369,0.217,0.133,0.296,0.327,0.669,0.792,0.355,0.605,0.861,0.404,55.1,7.9
1642366,Quinten Post,GSW,26.0,67,17.3,7.7,4.0,1.4,0.4,0.5,0.8,0.44,0.336,0.791,0.9,1.0,3.0,4.1,0.6,6.6,112.4,110.2,2.3,0.56,0.183,0.116,0.057,0.165,0.546,0.089,1955377.0,0,Expiring,0.0,0.0,0.0,0.0,0.0,1.96,81.7,PF,1.96,0.383,0.32,0.583,0.525,0.132,0.684,0.711,0.37,0.566,0.669,0.484,0.507,0.78,0.532,56.0,8.9
204456,T.J. McConnell,IND,34.0,56,17.2,9.4,2.2,5.1,1.0,0.2,1.1,0.538,0.32,0.862,-2.4,0.4,1.8,0.9,0.5,8.0,109.1,116.7,-7.6,0.567,0.227,0.469,0.022,0.104,0.556,0.15,10200000.0,3,Multi-Year,11.0,11.8,11.8,0.0,0.0,33.0,68.3,PG,10.2,0.524,0.896,0.183,0.607,0.743,0.282,0.531,0.425,0.805,0.24,0.951,0.24,0.255,0.427,56.7,15.0
1631107,Nikola Jović,MIA,22.0,47,17.2,7.3,3.3,2.2,0.6,0.4,1.4,0.366,0.269,0.683,-0.1,0.5,2.7,3.6,2.1,6.7,109.3,110.1,-0.8,0.48,0.203,0.173,0.028,0.137,0.438,0.073,4445417.0,4,Multi-Year,16.2,14.9,15.1,16.2,0.0,66.85,57.3,PF,4.45,0.345,0.552,0.44,0.057,0.331,0.582,0.416,0.068,0.696,0.51,0.263,0.253,0.786,0.566,48.0,7.3
1630536,Sharife Cooper,WAS,24.0,41,17.1,8.1,2.1,3.0,0.4,0.1,1.5,0.514,0.382,0.833,-4.5,0.4,1.7,1.9,1.5,6.0,108.4,120.1,-11.7,0.609,0.197,0.256,0.025,0.098,0.573,0.094,1000000.0,0,Minimum,0.0,0.0,0.0,0.0,0.0,0.0,50.0,PG,1.0,0.415,0.712,0.17,0.721,0.132,0.133,0.343,0.734,0.66,0.1,0.559,0.206,0.113,0.126,60.9,9.4
1631466,Nate Williams,GSW,27.0,14,17.1,8.0,2.1,1.0,0.4,0.0,1.1,0.489,0.433,0.867,-5.6,1.4,0.7,2.1,1.1,6.3,112.2,127.3,-15.1,0.592,0.192,0.083,0.079,0.046,0.563,0.056,1000000.0,0,Minimum,0.0,0.0,0.0,0.0,0.0,0.0,17.1,SG,1.0,0.405,0.191,0.17,0.665,0.132,0.032,0.125,0.622,0.622,0.043,0.089,0.493,0.015,0.06,59.2,5.6
1629057,Robert Williams III,POR,28.0,59,17.1,6.7,7.0,1.0,0.6,1.5,0.8,0.708,0.391,0.596,1.2,2.4,4.6,0.4,1.0,4.2,110.6,107.2,3.4,0.722,0.129,0.089,0.133,0.25,0.726,0.163,1000000.0,0,Minimum,0.0,0.0,0.0,0.0,0.0,0.0,72.0,?,1.0,0.304,0.191,0.895,0.99,0.331,0.965,0.575,0.98,0.142,0.726,0.984,0.368,0.915,0.737,72.2,16.3
1626166,Cameron Payne,PHI,31.0,22,17.0,7.4,2.0,2.6,1.1,0.3,0.5,0.376,0.33,0.864,-2.9,0.1,1.9,4.4,1.0,6.8,105.5,113.6,-8.1,0.514,0.183,0.22,0.007,0.103,0.483,0.096,712637.0,0,Minimum,0.0,0.0,0.0,0.0,0.0,0.71,26.8,PG,0.71,0.356,0.635,0.148,0.149,0.808,0.443,0.172,0.125,0.566,0.227,0.579,0.082,0.497,0.583,51.4,9.6
1631169,Josh Minott,BKN,23.0,49,17.0,7.4,3.2,0.9,0.9,0.5,0.9,0.5,0.418,0.787,-0.5,1.0,2.2,3.1,1.2,5.1,111.7,111.7,-0.1,0.653,0.162,0.083,0.055,0.128,0.627,0.104,2378870.0,1,Multi-Year,2.58,0.0,0.0,0.0,0.0,2.38,40.2,PF,2.38,0.356,0.149,0.415,0.899,0.653,0.684,0.252,0.907,0.392,0.538,0.653,0.45,0.655,0.664,65.3,10.4
1631213,Tyrese Martin,PHI,27.0,46,16.9,6.3,2.5,1.7,0.5,0.1,0.9,0.394,0.321,0.679,-3.9,0.7,1.8,3.6,0.6,6.0,105.8,116.8,-10.9,0.501,0.178,0.163,0.04,0.112,0.489,0.077,2191897.0,0,Expiring,0.0,0.0,0.0,0.0,0.0,2.19,45.1,SG,2.19,0.274,0.425,0.258,0.168,0.217,0.133,0.296,0.099,0.515,0.123,0.321,0.09,0.247,0.199,50.1,7.7
1641715,Cam Whitmore,WAS,21.0,21,16.9,9.2,2.8,0.7,0.7,0.4,0.9,0.456,0.286,0.742,-7.2,0.9,1.9,2.7,1.5,8.0,104.4,124.0,-19.6,0.528,0.225,0.067,0.049,0.102,0.503,0.082,3539760.0,1,Multi-Year,5.46,0.0,0.0,0.0,0.0,9.0,25.6,SF,3.54,0.503,0.079,0.327,0.231,0.452,0.582,0.169,0.194,0.791,0.025,0.395,0.064,0.029,0.354,52.8,8.2
1641712,Rayan Rupert,MEM,21.0,64,16.8,5.2,2.9,1.1,0.9,0.1,0.9,0.393,0.324,0.778,-5.0,0.8,2.2,2.1,0.8,4.9,103.5,117.0,-13.6,0.493,0.148,0.093,0.04,0.129,0.463,0.055,2353647.0,0,Expiring,0.0,0.0,0.0,0.0,0.0,2.22,58.5,SG,2.35,0.166,0.229,0.347,0.088,0.653,0.133,0.427,0.084,0.282,0.063,0.081,0.051,0.237,0.341,49.3,5.5
1627827,Dorian Finney-Smith,HOU,32.0,37,16.8,3.3,2.5,1.0,0.4,0.2,0.6,0.333,0.27,0.889,0.4,0.9,1.6,2.7,0.2,3.6,109.4,107.6,1.8,0.452,0.104,0.078,0.054,0.087,0.436,0.034,12700000.0,3,Multi-Year,13.34,13.34,13.34,0.0,0.0,39.37,45.1,PF,12.7,0.038,0.191,0.258,0.053,0.132,0.282,0.296,0.031,0.039,0.646,0.015,0.262,0.91,0.441,45.2,3.4
1642880,Kam Jones,IND,24.0,37,16.7,4.4,1.6,3.2,0.5,0.0,1.0,0.402,0.293,0.5,-3.9,0.4,1.2,2.0,0.2,4.6,106.0,116.0,-10.0,0.47,0.141,0.262,0.024,0.071,0.467,0.061,1272870.0,3,Minimum,2.15,2.53,2.74,0.0,0.0,1.27,45.1,SG,1.27,0.111,0.736,0.073,0.102,0.217,0.032,0.296,0.055,0.229,0.155,0.128,0.102,0.284,0.178,47.0,6.1
1631323,Simone Fontecchio,MIA,30.0,70,16.7,8.5,3.0,1.4,0.5,0.1,0.7,0.412,0.375,0.843,1.3,0.8,2.2,4.7,1.5,6.7,113.8,110.5,3.3,0.579,0.183,0.121,0.042,0.118,0.542,0.09,8307692.0,0,Expiring,0.0,0.0,0.0,0.0,0.0,8.31,85.4,SF,8.31,0.456,0.32,0.373,0.498,0.217,0.133,0.778,0.531,0.566,0.719,0.499,0.637,0.762,0.371,57.9,9.0
201599,DeAndre Jordan,NOP,37.0,12,16.6,4.4,6.3,0.9,0.3,0.8,0.8,0.656,0.0,0.647,-0.1,2.2,4.2,0.0,1.4,2.7,110.0,112.3,-2.4,0.671,0.098,0.077,0.124,0.234,0.656,0.119,2269880.0,0,Expiring,0.0,0.0,0.0,0.0,0.0,2.27,14.6,C,2.27,0.111,0.149,0.853,0.956,0.071,0.849,0.105,0.937,0.027,0.442,0.809,0.303,0.612,0.511,67.1,11.9
1631131,Oscar Tshiebwe,UTA,26.0,27,16.6,7.8,6.6,1.2,0.6,0.2,0.8,0.634,0.0,0.551,-2.9,2.9,3.8,0.0,1.8,5.4,110.9,118.9,-8.0,0.633,0.162,0.101,0.151,0.224,0.634,0.125,1000000.0,0,Minimum,0.0,0.0,0.0,0.0,0.0,0.0,32.9,C,1.0,0.389,0.257,0.863,0.907,0.331,0.282,0.2,0.857,0.392,0.231,0.849,0.39,0.15,0.254,63.3,12.5
1630538,Bones Hyland,MIN,25.0,71,16.6,8.5,1.8,2.6,0.6,0.2,1.0,0.453,0.388,0.78,1.7,0.3,1.5,4.2,1.2,6.6,113.8,108.6,5.2,0.599,0.197,0.222,0.018,0.085,0.577,0.101,2296274.0,0,Expiring,0.0,0.0,0.0,0.0,0.0,2.3,86.6,PG,2.3,0.456,0.635,0.107,0.743,0.331,0.282,0.797,0.673,0.66,0.812,0.624,0.637,0.87,0.494,59.9,10.1
1629216,Gabe Vincent,ATL,29.0,53,16.6,4.4,1.0,1.4,0.5,0.1,0.5,0.352,0.341,0.87,0.7,0.3,0.7,3.3,0.4,4.1,117.3,116.0,1.3,0.511,0.119,0.109,0.02,0.041,0.488,0.033,11500000.0,0,Expiring,0.0,0.0,0.0,0.0,0.0,11.5,35.4,PG,11.5,0.111,0.32,0.019,0.164,0.217,0.133,0.213,0.117,0.096,0.614,0.013,0.848,0.284,0.211,51.1,3.3
201567,Kevin Love,UTA,37.0,37,16.6,6.7,5.8,1.8,0.4,0.2,0.8,0.397,0.373,0.841,-2.2,1.5,4.3,3.8,1.2,5.4,115.8,122.5,-6.7,0.568,0.161,0.145,0.083,0.256,0.53,0.103,4150000.0,0,Expiring,0.0,0.0,0.0,0.0,0.0,4.15,45.1,PF,4.15,0.304,0.452,0.833,0.396,0.132,0.282,0.296,0.436,0.382,0.263,0.643,0.767,0.05,0.155,56.8,10.3
1630543,Isaiah Jackson,LAC,24.0,55,16.5,6.7,5.3,0.9,0.7,0.9,1.1,0.637,0.0,0.648,-0.9,2.1,3.2,0.1,1.9,4.3,111.8,114.7,-2.9,0.653,0.152,0.083,0.12,0.19,0.637,0.104,7600000.0,2,Multi-Year,7.0,6.4,0.0,0.0,0.0,21.0,46.3,C,7.6,0.304,0.149,0.76,0.917,0.452,0.886,0.313,0.907,0.309,0.426,0.653,0.463,0.394,0.577,65.3,10.4
1641726,Dereck Lively II,DAL,22.0,7,16.5,4.3,5.3,1.9,0.6,1.6,1.4,0.611,0.0,0.8,2.0,2.0,3.3,0.0,1.4,2.6,108.6,102.3,6.3,0.67,0.113,0.153,0.117,0.183,0.611,0.094,5253360.0,1,Multi-Year,7.24,0.0,0.0,0.0,0.0,12.49,8.5,C,5.25,0.092,0.479,0.76,0.861,0.331,0.977,0.067,0.934,0.068,0.86,0.559,0.218,0.988,0.765,67.0,9.4
1628975,Jevon Carter,ORL,30.0,53,16.4,6.4,1.7,1.6,0.8,0.2,0.7,0.401,0.363,0.789,-1.6,0.3,1.4,4.1,0.4,5.8,110.0,115.6,-5.7,0.537,0.166,0.148,0.015,0.085,0.528,0.074,7680524.0,0,Expiring,0.0,0.0,0.0,0.0,0.0,6.81,36.6,PG,7.68,0.28,0.397,0.087,0.369,0.552,0.282,0.224,0.239,0.415,0.302,0.283,0.303,0.31,0.381,53.7,7.4
1630526,Jeremiah Robinson-Earl,DAL,25.0,22,16.4,4.6,4.7,0.7,0.4,0.0,0.5,0.37,0.244,0.944,-3.9,1.6,3.0,1.9,0.8,4.5,109.3,119.5,-10.2,0.468,0.129,0.057,0.088,0.183,0.42,0.069,131970.0,0,Minimum,0.0,0.0,0.0,0.0,0.0,0.59,20.7,PF,0.13,0.136,0.079,0.675,0.031,0.132,0.032,0.149,0.05,0.142,0.145,0.209,0.253,0.127,0.097,46.8,6.9
1630570,Trendon Watford,PHI,25.0,53,16.3,6.5,3.3,2.5,0.3,0.4,1.2,0.515,0.2,0.779,-2.9,0.7,2.6,0.9,1.5,5.1,106.5,115.6,-9.1,0.573,0.17,0.229,0.041,0.146,0.534,0.093,2461463.0,1,Multi-Year,2.8,0.0,0.0,0.0,0.0,2.46,64.6,PF,2.46,0.289,0.61,0.44,0.435,0.071,0.582,0.486,0.477,0.45,0.19,0.542,0.116,0.31,0.321,57.3,9.3
1630696,Dru Smith,MIA,28.0,70,16.3,5.6,2.5,2.6,1.4,0.3,0.8,0.415,0.295,0.829,-1.2,0.9,1.6,1.8,1.5,4.6,107.1,110.3,-3.2,0.532,0.142,0.214,0.047,0.085,0.474,0.091,2378870.0,2,Multi-Year,2.58,2.93,0.0,0.0,0.0,2.38,85.4,SG,2.38,0.208,0.635,0.258,0.121,0.92,0.443,0.778,0.212,0.244,0.409,0.513,0.137,0.775,0.713,53.2,9.1
1643018,LJ Cryer,GSW,24.0,18,16.2,8.2,1.6,1.0,0.2,0.0,0.8,0.402,0.394,0.895,0.9,0.2,1.3,5.2,1.1,6.5,109.2,109.6,-0.4,0.59,0.196,0.092,0.014,0.084,0.56,0.07,1000000.0,0,Minimum,0.0,0.0,0.0,0.0,0.0,0.0,22.0,PG,1.0,0.426,0.191,0.073,0.635,0.029,0.032,0.154,0.608,0.65,0.522,0.229,0.246,0.831,0.297,59.0,7.0
1630568,Luka Garza,BOS,27.0,69,16.2,8.1,4.1,1.0,0.4,0.4,0.7,0.577,0.433,0.769,1.8,2.3,1.8,1.8,1.7,5.2,119.4,113.6,5.8,0.682,0.168,0.085,0.129,0.11,0.654,0.103,2461463.0,1,Multi-Year,2.8,0.0,0.0,0.0,0.0,5.26,84.1,C,2.46,0.415,0.191,0.604,0.951,0.132,0.582,0.753,0.955,0.439,0.83,0.643,0.933,0.497,0.404,68.2,10.3
1629618,Jalen Pickett,DEN,26.0,50,16.1,5.2,2.3,2.3,0.3,0.1,0.7,0.422,0.386,0.789,0.1,0.4,1.9,2.5,0.4,4.6,112.1,112.4,-0.4,0.541,0.148,0.208,0.022,0.107,0.528,0.084,2221677.0,1,Multi-Year,2.41,0.0,0.0,0.0,0.0,2.22,61.0,SG,2.22,0.166,0.573,0.206,0.369,0.071,0.133,0.451,0.266,0.282,0.522,0.422,0.485,0.604,0.269,54.1,8.4
1627741,Buddy Hield,ATL,33.0,51,16.1,7.6,2.3,1.4,0.8,0.2,0.9,0.437,0.349,0.811,-1.7,0.5,1.7,4.2,0.7,6.4,110.2,115.0,-4.9,0.568,0.192,0.129,0.032,0.106,0.55,0.085,9219512.0,2,Multi-Year,9.66,10.1,0.0,0.0,0.0,18.88,53.7,SG,9.22,0.377,0.32,0.206,0.56,0.552,0.282,0.386,0.436,0.622,0.321,0.434,0.324,0.361,0.398,56.8,8.5
1629680,Matisse Thybulle,POR,29.0,30,16.0,5.8,2.0,0.9,2.0,0.5,0.9,0.433,0.398,0.84,2.9,0.6,1.4,3.1,0.8,4.5,108.8,99.8,9.0,0.6,0.144,0.079,0.033,0.087,0.571,0.093,11550000.0,0,Expiring,0.0,0.0,0.0,0.0,0.0,11.55,36.6,SG,11.55,0.235,0.149,0.148,0.708,0.992,0.684,0.224,0.681,0.264,0.918,0.542,0.231,0.992,0.889,60.0,9.3
1642260,Nikola Topić,OKC,20.0,10,16.0,5.2,1.9,4.4,0.5,0.0,2.5,0.431,0.4,0.4,-4.2,0.7,1.2,1.5,0.5,5.1,107.2,120.8,-13.7,0.489,0.204,0.383,0.041,0.075,0.49,0.063,5182920.0,2,Multi-Year,5.43,7.48,0.0,0.0,0.0,10.61,12.2,PG,5.18,0.166,0.866,0.126,0.173,0.217,0.032,0.086,0.075,0.702,0.061,0.153,0.148,0.083,0.111,48.9,6.3
1630592,Jalen Wilson,BKN,25.0,54,15.9,6.4,2.1,0.9,0.4,0.0,0.7,0.396,0.355,0.719,-3.6,0.3,1.8,2.8,1.8,5.1,104.5,115.4,-10.9,0.536,0.177,0.098,0.019,0.122,0.493,0.061,2221677.0,0,Expiring,0.0,0.0,0.0,0.0,0.0,2.22,65.9,PF,2.22,0.28,0.149,0.17,0.184,0.132,0.032,0.502,0.235,0.502,0.123,0.128,0.067,0.326,0.163,53.6,6.1
1630702,Jaden Hardy,WAS,23.0,57,15.8,9.2,1.5,1.0,0.3,0.1,1.1,0.424,0.397,0.733,-1.5,0.3,1.2,4.6,1.3,7.5,112.0,116.4,-4.4,0.566,0.239,0.095,0.017,0.078,0.545,0.066,6000000.0,2,Multi-Year,6.0,6.0,0.0,0.0,0.0,12.0,41.5,SG,6.0,0.503,0.191,0.064,0.519,0.071,0.133,0.263,0.416,0.845,0.345,0.17,0.475,0.265,0.156,56.6,6.6
1642362,Payton Sandfort,OKC,23.0,4,15.8,8.8,2.5,0.0,0.3,0.0,0.3,0.5,0.412,0.5,-4.8,0.3,2.3,4.3,1.0,6.5,111.8,125.7,-14.0,0.63,0.186,0.0,0.014,0.145,0.635,0.066,1000000.0,0,Minimum,0.0,0.0,0.0,0.0,0.0,0.0,4.9,SF,1.0,0.48,0.003,0.258,0.91,0.071,0.032,0.032,0.845,0.59,0.057,0.17,0.463,0.021,0.041,63.0,6.6
1641738,Kobe Brown,IND,26.0,61,15.8,5.8,3.0,1.3,0.4,0.2,0.9,0.469,0.374,0.797,-3.6,1.1,1.9,2.3,1.0,4.4,108.4,119.0,-10.5,0.594,0.154,0.123,0.072,0.119,0.565,0.078,2654880.0,1,Multi-Year,4.79,0.0,0.0,0.0,0.0,2.65,41.5,PF,2.65,0.235,0.285,0.373,0.676,0.132,0.282,0.263,0.634,0.327,0.139,0.339,0.206,0.143,0.186,59.4,7.8
1630623,Tyson Etienne,BKN,26.0,24,15.8,7.9,1.1,1.7,0.5,0.0,0.7,0.4,0.398,0.833,-4.3,0.2,0.9,4.5,1.5,6.0,105.6,117.8,-12.2,0.588,0.198,0.17,0.013,0.06,0.548,0.071,1000000.0,0,Minimum,0.0,0.0,0.0,0.0,0.0,0.0,29.3,PG,1.0,0.396,0.425,0.029,0.543,0.217,0.032,0.182,0.594,0.669,0.09,0.239,0.084,0.19,0.146,58.8,7.1
1641772,Nae'Qwan Tomlin,CLE,25.0,64,15.7,5.8,2.9,0.8,0.6,0.5,0.5,0.478,0.235,0.77,0.9,1.3,1.6,1.8,1.0,4.9,114.3,110.7,3.6,0.549,0.151,0.071,0.081,0.094,0.521,0.069,718150.0,1,Minimum,2.41,0.0,0.0,0.0,0.0,3.13,78.0,PF,0.72,0.235,0.11,0.347,0.331,0.331,0.684,0.647,0.314,0.301,0.74,0.209,0.679,0.739,0.585,54.9,6.9
1631250,Pete Nance,MIL,26.0,47,15.7,5.4,2.7,1.0,0.3,0.3,0.6,0.515,0.42,0.364,-1.7,0.6,2.1,2.5,0.2,4.1,112.2,117.4,-5.2,0.639,0.132,0.092,0.038,0.135,0.644,0.078,1000000.0,0,Minimum,0.0,0.0,0.0,0.0,0.0,0.0,57.3,PF,1.0,0.182,0.191,0.306,0.927,0.071,0.443,0.416,0.881,0.158,0.313,0.339,0.493,0.21,0.241,63.9,7.8
1630182,Josh Green,CHA,25.0,58,15.7,4.3,1.8,0.8,0.6,0.1,0.6,0.459,0.42,0.893,3.6,0.8,1.0,2.4,0.5,3.1,118.5,106.0,12.5,0.644,0.104,0.069,0.048,0.06,0.619,0.059,13666667.0,1,Multi-Year,14.68,0.0,0.0,0.0,0.0,28.35,70.7,SG,13.67,0.092,0.11,0.107,0.887,0.331,0.133,0.567,0.891,0.039,0.973,0.113,0.895,0.945,0.47,64.4,5.9
1630534,Ochai Agbaji,BKN,26.0,62,15.7,5.1,2.3,0.8,0.4,0.3,0.5,0.436,0.266,0.837,-1.0,0.7,1.5,2.1,0.7,4.5,106.4,109.0,-2.7,0.525,0.142,0.07,0.046,0.096,0.496,0.057,6383525.0,0,Expiring,0.0,0.0,0.0,0.0,0.0,6.38,51.2,SG,6.38,0.152,0.11,0.206,0.197,0.132,0.443,0.357,0.179,0.244,0.432,0.099,0.112,0.851,0.475,52.5,5.7
1627780,Gary Payton II,GSW,33.0,73,15.6,7.5,3.6,1.7,0.9,0.3,0.8,0.583,0.291,0.65,-1.5,1.4,2.2,1.7,0.5,5.7,111.2,113.5,-2.3,0.632,0.177,0.164,0.084,0.143,0.628,0.114,2296274.0,0,Expiring,0.0,0.0,0.0,0.0,0.0,2.3,89.0,SG,2.3,0.369,0.425,0.512,0.901,0.653,0.443,0.838,0.852,0.502,0.449,0.768,0.409,0.513,0.536,63.2,11.4
1631159,Leonard Miller,CHI,22.0,46,15.6,7.8,3.9,0.9,0.4,0.3,0.8,0.553,0.323,0.736,-0.6,1.2,2.8,2.2,1.2,5.7,111.7,114.1,-2.5,0.633,0.176,0.077,0.073,0.158,0.615,0.104,2221677.0,1,Multi-Year,2.41,0.0,0.0,0.0,0.0,0.0,32.9,SF,2.22,0.389,0.149,0.561,0.881,0.132,0.443,0.2,0.857,0.492,0.436,0.653,0.45,0.435,0.337,63.3,10.4
1642275,Tidjane Salaün,CHA,20.0,37,15.6,6.0,4.0,0.7,0.4,0.2,0.7,0.503,0.434,0.65,-0.1,0.7,3.3,2.2,1.1,4.3,113.2,111.1,2.1,0.629,0.147,0.071,0.044,0.205,0.616,0.102,7863240.0,2,Multi-Year,8.24,10.45,0.0,0.0,0.0,16.1,45.1,PF,7.86,0.253,0.079,0.583,0.883,0.132,0.282,0.296,0.838,0.277,0.656,0.633,0.579,0.698,0.371,62.9,10.2
1629026,Kenrich Williams,OKC,31.0,56,15.3,6.5,3.3,1.4,0.6,0.1,0.8,0.473,0.388,0.635,0.8,1.1,2.3,2.3,0.9,5.3,112.6,109.5,3.1,0.569,0.178,0.132,0.068,0.143,0.557,0.098,7163000.0,1,Multi-Year,7.16,0.0,0.0,0.0,0.0,7.16,68.3,PF,7.16,0.289,0.32,0.44,0.615,0.331,0.133,0.531,0.447,0.515,0.701,0.599,0.521,0.835,0.433,56.9,9.8
1631243,Mouhamed Gueye,ATL,23.0,77,15.3,4.4,3.6,0.9,0.8,0.5,0.4,0.452,0.308,0.645,0.6,1.2,2.4,1.7,0.8,3.8,112.5,110.1,2.3,0.539,0.12,0.076,0.071,0.151,0.521,0.075,2221677.0,1,Multi-Year,2.41,0.0,0.0,0.0,0.0,0.0,93.9,PF,2.22,0.111,0.149,0.512,0.331,0.552,0.684,0.91,0.251,0.104,0.669,0.296,0.514,0.786,0.674,53.9,7.5
1642348,Justin Edwards,PHI,22.0,64,15.3,6.0,1.5,1.3,0.8,0.2,0.6,0.447,0.372,0.846,-1.1,0.4,1.1,2.8,0.6,5.0,111.6,115.0,-3.4,0.572,0.154,0.114,0.025,0.07,0.552,0.068,2048494.0,2,Multi-Year,2.41,2.62,0.0,0.0,0.0,4.46,78.0,SF,2.05,0.253,0.285,0.064,0.578,0.552,0.282,0.647,0.466,0.327,0.399,0.191,0.435,0.361,0.398,57.2,6.8
1629048,Goga Bitadze,ORL,26.0,64,15.2,5.9,5.0,1.3,0.6,1.0,0.7,0.676,0.182,0.711,0.3,2.1,2.9,0.2,1.5,3.5,112.6,111.0,1.6,0.7,0.128,0.124,0.131,0.183,0.68,0.122,8333333.0,1,Multi-Year,7.61,0.0,0.0,0.0,0.0,15.94,78.0,C,8.33,0.247,0.285,0.714,0.971,0.331,0.91,0.647,0.977,0.134,0.634,0.828,0.521,0.71,0.65,70.0,12.2
1631124,Julian Strawther,DEN,24.0,57,15.1,7.2,2.0,1.1,0.4,0.1,0.6,0.467,0.387,0.814,0.4,0.2,1.8,2.6,1.2,5.6,115.0,113.5,1.5,0.59,0.187,0.101,0.014,0.112,0.558,0.082,2674200.0,1,Multi-Year,4.83,0.0,0.0,0.0,0.0,7.5,69.5,SG,2.67,0.336,0.229,0.148,0.622,0.132,0.133,0.552,0.608,0.595,0.626,0.395,0.734,0.513,0.259,59.0,8.2
203926,Doug McDermott,SAC,34.0,29,15.1,5.7,1.3,0.8,0.2,0.1,0.4,0.388,0.39,0.889,-3.5,0.2,1.0,4.2,0.3,4.8,104.2,115.3,-11.1,0.574,0.146,0.073,0.014,0.068,0.561,0.055,2296274.0,0,Expiring,0.0,0.0,0.0,0.0,0.0,2.3,35.4,SF,2.3,0.217,0.11,0.051,0.648,0.029,0.133,0.213,0.493,0.274,0.113,0.081,0.061,0.336,0.166,57.4,5.5
1627824,Guerschon Yabusele,CHI,30.0,67,15.0,5.6,3.5,0.9,0.4,0.2,0.6,0.401,0.352,0.75,-2.5,0.8,2.7,2.9,1.1,4.7,107.4,115.3,-7.9,0.543,0.155,0.087,0.052,0.17,0.511,0.077,5500000.0,0,Expiring,0.0,0.0,0.0,0.0,0.0,5.5,50.0,C,5.5,0.208,0.149,0.49,0.269,0.132,0.282,0.343,0.276,0.332,0.235,0.321,0.167,0.336,0.25,54.3,7.7
1630175,Cole Anthony,MIL,25.0,35,15.0,6.7,2.5,3.5,0.6,0.3,1.9,0.424,0.306,0.615,-3.2,0.5,2.0,2.1,0.7,6.6,103.4,113.1,-9.7,0.483,0.244,0.354,0.029,0.126,0.472,0.082,5996274.0,2,Multi-Year,3.7,3.7,0.0,0.0,0.0,11.1,42.7,PG,6.0,0.304,0.783,0.258,0.108,0.331,0.443,0.275,0.071,0.857,0.167,0.395,0.048,0.545,0.44,48.3,8.2
1642877,Micah Peavy,NOP,24.0,61,15.0,4.3,1.9,1.0,0.7,0.1,0.3,0.385,0.259,0.759,-1.7,0.8,1.2,1.8,0.5,4.5,110.4,114.5,-4.1,0.455,0.135,0.089,0.046,0.073,0.436,0.044,1272870.0,3,Minimum,2.15,2.53,2.74,0.0,0.0,3.42,74.4,SG,1.27,0.092,0.191,0.126,0.053,0.452,0.133,0.603,0.037,0.175,0.364,0.026,0.347,0.408,0.331,45.5,4.4
1642265,Rob Dillingham,CHI,21.0,65,14.9,6.3,2.0,2.2,0.7,0.1,1.5,0.396,0.316,0.745,-2.2,0.3,1.7,2.0,0.8,6.3,105.9,113.3,-7.4,0.469,0.218,0.206,0.018,0.105,0.447,0.06,6576120.0,2,Multi-Year,6.89,8.76,0.0,0.0,0.0,13.47,42.7,PG,6.58,0.274,0.552,0.148,0.072,0.452,0.133,0.275,0.052,0.76,0.243,0.119,0.096,0.53,0.372,46.9,6.0
1628997,Caleb Martin,DAL,30.0,58,14.8,3.9,2.5,1.4,0.7,0.3,0.7,0.45,0.351,0.607,-3.4,0.5,2.0,1.0,1.1,3.3,102.9,112.1,-9.2,0.526,0.122,0.131,0.03,0.125,0.503,0.063,9594044.0,2,Multi-Year,10.0,9.37,0.0,0.0,0.0,19.6,70.7,SF,9.59,0.066,0.32,0.258,0.231,0.452,0.443,0.567,0.189,0.111,0.187,0.153,0.037,0.621,0.505,52.6,6.3
1631255,Karlo Matković,NOP,25.0,62,14.7,5.7,3.7,0.8,0.4,0.9,0.5,0.604,0.422,0.732,-1.5,1.2,2.5,1.5,0.7,3.8,107.2,111.6,-4.4,0.696,0.128,0.079,0.074,0.155,0.685,0.108,1955377.0,1,Multi-Year,2.3,0.0,0.0,0.0,0.0,1.96,75.6,PF,1.96,0.217,0.11,0.527,0.977,0.132,0.886,0.613,0.971,0.134,0.345,0.695,0.148,0.667,0.562,69.6,10.8
1630164,James Wiseman,IND,25.0,4,14.6,3.3,2.0,0.8,0.0,0.3,1.3,0.6,0.0,0.5,-2.3,1.3,0.8,0.0,0.5,2.5,92.9,102.4,-9.5,0.597,0.114,0.075,0.074,0.049,0.6,0.01,1131970.0,0,Minimum,0.0,0.0,0.0,0.0,0.0,1.13,4.9,C,1.13,0.038,0.11,0.148,0.841,0.004,0.443,0.032,0.66,0.077,0.174,0.004,0.008,0.985,0.477,59.7,1.0
1626172,Kevon Looney,NOP,30.0,21,14.6,2.8,5.6,1.6,0.4,0.5,0.4,0.417,0.154,0.7,-3.0,2.3,3.3,0.6,0.5,2.9,105.3,115.7,-10.4,0.458,0.096,0.148,0.132,0.214,0.433,0.093,8000000.0,1,Multi-Year,8.0,0.0,0.0,0.0,0.0,8.0,25.6,C,8.0,0.021,0.397,0.804,0.048,0.132,0.684,0.169,0.044,0.021,0.143,0.542,0.08,0.304,0.373,45.8,9.3
1642864,Hugo González,BOS,20.0,74,14.6,3.9,3.3,0.5,0.6,0.3,0.5,0.476,0.362,0.5,3.3,0.8,2.5,1.6,0.4,3.3,118.0,106.2,11.9,0.561,0.114,0.047,0.055,0.158,0.561,0.067,2783880.0,3,Multi-Year,2.92,3.06,5.53,0.0,0.0,5.71,90.2,SF,2.78,0.066,0.04,0.44,0.648,0.331,0.443,0.852,0.377,0.077,0.966,0.18,0.875,0.941,0.572,56.1,6.7
1630208,Nick Richards,CHI,28.0,48,14.6,5.8,5.1,0.3,0.2,0.7,1.2,0.512,0.278,0.644,-2.8,1.6,3.5,0.4,2.1,4.2,108.9,117.2,-8.4,0.562,0.176,0.033,0.103,0.221,0.525,0.079,5000000.0,0,Expiring,0.0,0.0,0.0,0.0,0.0,0.0,34.1,C,5.0,0.235,0.015,0.732,0.355,0.029,0.801,0.205,0.388,0.492,0.218,0.355,0.234,0.225,0.352,56.2,7.9
1631223,David Roddy,DEN,25.0,5,14.6,8.0,4.0,0.8,0.8,0.2,0.4,0.5,0.273,1.0,1.0,1.6,2.4,2.2,1.4,6.0,113.8,110.7,3.1,0.605,0.191,0.078,0.105,0.126,0.55,0.128,1000000.0,0,Minimum,0.0,0.0,0.0,0.0,0.0,0.0,6.1,PF,1.0,0.405,0.11,0.583,0.56,0.552,0.282,0.043,0.702,0.615,0.701,0.861,0.637,0.739,0.524,60.5,12.8
1626145,Tyus Jones,DEN,29.0,67,14.6,3.0,1.1,2.4,0.6,0.0,0.4,0.349,0.292,0.778,-1.6,0.2,1.0,2.0,0.1,3.3,107.5,113.6,-6.1,0.448,0.103,0.222,0.011,0.065,0.44,0.065,7000000.0,0,Expiring,0.0,0.0,0.0,0.0,0.0,7.0,58.5,PG,7.0,0.027,0.591,0.029,0.06,0.331,0.032,0.427,0.029,0.035,0.294,0.162,0.173,0.497,0.287,44.8,6.5
203939,Dwight Powell,DAL,34.0,63,14.4,3.3,4.1,1.1,0.5,0.3,0.7,0.644,0.286,0.696,-0.1,1.5,2.6,0.1,1.8,1.6,110.4,110.9,-0.5,0.699,0.084,0.095,0.101,0.17,0.653,0.073,4000000.0,0,Expiring,0.0,0.0,0.0,0.0,0.0,4.0,76.8,C,4.0,0.038,0.229,0.604,0.947,0.217,0.443,0.628,0.975,0.006,0.517,0.263,0.347,0.718,0.459,69.9,7.3
1641815,Isaiah Stevens,SAC,25.0,3,14.3,3.3,1.0,3.3,1.7,0.0,0.7,0.429,0.0,1.0,-3.0,0.7,0.3,0.3,1.3,2.3,110.2,123.3,-13.0,0.571,0.107,0.357,0.043,0.032,0.429,0.093,1000000.0,0,Minimum,0.0,0.0,0.0,0.0,0.0,0.0,3.7,PG,1.0,0.038,0.755,0.019,0.044,0.976,0.032,0.02,0.459,0.047,0.074,0.542,0.324,0.038,0.349,57.1,9.3
101108,Chris Paul,LAC,40.0,16,14.2,2.9,1.8,3.3,0.7,0.0,1.0,0.321,0.333,0.5,-5.3,0.4,1.4,1.9,0.1,3.5,99.4,116.6,-17.3,0.413,0.135,0.351,0.026,0.101,0.411,0.064,2296274.0,0,Expiring,0.0,0.0,0.0,0.0,0.0,2.3,19.5,PG,2.3,0.023,0.755,0.107,0.025,0.452,0.032,0.144,0.015,0.175,0.03,0.159,0.015,0.259,0.248,41.3,6.4
1630699,MarJon Beauchamp,PHI,25.0,14,14.0,6.8,2.3,1.1,0.6,0.3,0.9,0.434,0.34,0.684,-1.9,0.5,1.8,3.4,1.4,5.4,107.5,111.6,-4.0,0.563,0.203,0.109,0.033,0.114,0.539,0.087,1000000.0,0,Minimum,0.0,0.0,0.0,0.0,0.0,0.0,17.1,SF,1.0,0.311,0.229,0.206,0.475,0.331,0.443,0.125,0.395,0.696,0.367,0.459,0.173,0.667,0.48,56.3,8.7
1631123,Jamaree Bouyea,PHX,26.0,46,14.0,5.7,1.8,1.8,0.6,0.3,0.7,0.458,0.295,0.686,0.5,0.4,1.4,1.7,0.8,5.1,106.0,104.6,1.4,0.523,0.184,0.191,0.026,0.1,0.506,0.103,1000000.0,0,Minimum,0.0,0.0,0.0,0.0,0.0,0.0,56.1,PG,1.0,0.217,0.452,0.107,0.24,0.331,0.443,0.408,0.164,0.577,0.621,0.643,0.102,0.964,0.579,52.3,10.3
1641711,Gradey Dick,TOR,22.0,76,14.0,6.0,1.9,0.7,0.6,0.1,0.6,0.419,0.301,0.875,1.6,0.6,1.4,2.4,1.2,5.1,110.8,106.7,4.1,0.538,0.176,0.066,0.038,0.095,0.492,0.07,4990560.0,1,Multi-Year,7.13,0.0,0.0,0.0,0.0,12.12,92.7,SG,4.99,0.253,0.079,0.126,0.179,0.331,0.133,0.887,0.245,0.492,0.771,0.229,0.383,0.923,0.462,53.8,7.0
1630194,Paul Reed,DET,26.0,65,13.9,7.8,4.5,1.2,0.9,0.9,0.9,0.617,0.325,0.664,2.1,2.0,2.5,0.6,1.7,5.2,112.5,104.4,8.1,0.65,0.2,0.134,0.142,0.176,0.636,0.153,5335894.0,1,Multi-Year,5.6,0.0,0.0,0.0,0.0,5.34,79.3,C,5.34,0.389,0.257,0.655,0.913,0.653,0.886,0.672,0.9,0.679,0.909,0.962,0.514,0.969,0.836,65.0,15.3
1630619,Moussa Cisse,DAL,23.0,38,13.9,4.5,5.7,0.2,0.5,1.2,0.8,0.574,0.0,0.469,-0.1,2.3,3.3,0.0,2.1,3.0,111.2,110.7,0.5,0.564,0.136,0.023,0.15,0.215,0.574,0.087,1000000.0,0,Minimum,0.0,0.0,0.0,0.0,0.0,0.0,46.3,C,1.0,0.127,0.006,0.82,0.73,0.217,0.944,0.313,0.404,0.189,0.581,0.459,0.409,0.739,0.633,56.4,8.7
203914,Gary Harris,MIL,31.0,48,13.8,2.7,1.3,1.1,0.6,0.2,0.4,0.442,0.412,0.889,-2.8,0.3,0.9,1.4,0.2,2.2,105.9,115.5,-9.6,0.593,0.082,0.105,0.025,0.072,0.577,0.048,3634153.0,1,Multi-Year,3.82,0.0,0.0,0.0,0.0,3.63,58.5,SG,3.63,0.018,0.229,0.051,0.743,0.331,0.282,0.427,0.627,0.004,0.171,0.04,0.096,0.319,0.311,59.3,4.8
1628998,Cody Martin,IND,30.0,4,13.8,1.8,3.5,0.5,1.0,0.5,1.0,0.2,0.0,0.5,-7.0,0.3,3.3,1.3,1.5,2.5,79.0,99.2,-20.2,0.277,0.119,0.065,0.013,0.183,0.2,0.045,1000000.0,0,Minimum,0.0,0.0,0.0,0.0,0.0,0.0,4.9,SF,1.0,0.004,0.04,0.49,0.004,0.743,0.684,0.032,0.004,0.096,0.023,0.03,0.002,0.996,0.808,27.7,4.5
1641890,Tyler Smith,DAL,21.0,12,13.8,4.7,2.8,0.4,0.5,0.0,0.5,0.42,0.286,0.667,-1.8,1.0,1.8,2.9,0.5,4.2,110.6,114.7,-4.1,0.532,0.135,0.041,0.059,0.117,0.52,0.059,1955377.0,0,Expiring,0.0,0.0,0.0,0.0,0.0,1.96,14.6,PF,1.96,0.14,0.025,0.327,0.318,0.217,0.032,0.105,0.212,0.175,0.364,0.113,0.368,0.394,0.214,53.2,5.9
1641774,Tristan Vukcevic,WAS,23.0,49,13.7,9.0,3.0,1.1,0.5,0.7,1.3,0.479,0.347,0.784,-4.6,0.7,2.3,2.9,2.3,6.5,103.5,118.5,-15.1,0.603,0.259,0.133,0.046,0.162,0.558,0.11,1000000.0,0,Minimum,0.0,0.0,0.0,0.0,0.0,0.0,59.8,C,1.0,0.493,0.229,0.373,0.622,0.217,0.801,0.438,0.693,0.9,0.043,0.722,0.051,0.159,0.392,60.3,11.0
1628988,Aaron Holiday,HOU,29.0,57,13.7,5.5,1.0,1.1,0.5,0.1,0.7,0.417,0.394,0.854,2.3,0.2,0.8,3.0,0.7,4.4,114.6,106.3,8.3,0.578,0.159,0.105,0.016,0.054,0.55,0.063,2296274.0,0,Expiring,0.0,0.0,0.0,0.0,0.0,2.3,69.5,PG,2.3,0.197,0.229,0.019,0.56,0.217,0.133,0.552,0.523,0.361,0.912,0.153,0.701,0.938,0.429,57.8,6.3
1641722,Jordan Hawkins,NOP,23.0,51,13.6,5.1,1.7,0.8,0.3,0.2,0.7,0.366,0.348,0.852,-2.6,0.4,1.3,2.6,0.5,5.0,107.0,116.8,-9.8,0.48,0.175,0.086,0.026,0.089,0.457,0.055,4741320.0,1,Multi-Year,7.02,0.0,0.0,0.0,0.0,11.76,62.2,SG,4.74,0.152,0.11,0.087,0.086,0.071,0.282,0.463,0.068,0.484,0.162,0.081,0.129,0.247,0.2,48.0,5.5
202685,Jonas Valančiūnas,DEN,33.0,65,13.4,8.7,5.1,1.2,0.2,0.6,1.1,0.582,0.308,0.772,-0.7,1.6,3.4,0.4,2.1,6.0,114.6,116.6,-2.0,0.63,0.26,0.15,0.124,0.246,0.592,0.15,10395000.0,1,Multi-Year,10.0,0.0,0.0,0.0,0.0,10.4,79.3,C,10.4,0.473,0.257,0.732,0.801,0.029,0.754,0.672,0.845,0.904,0.461,0.951,0.701,0.259,0.347,63.0,15.0
1630604,E.J. Liddell,BKN,25.0,26,13.4,5.7,2.7,0.9,0.2,0.4,0.6,0.486,0.346,0.808,-1.8,0.5,2.1,2.0,1.0,4.3,108.1,114.6,-6.5,0.6,0.168,0.114,0.039,0.174,0.568,0.087,706898.0,1,Minimum,0.71,0.0,0.0,0.0,0.0,1.41,31.7,PF,0.71,0.217,0.149,0.306,0.692,0.029,0.582,0.193,0.681,0.439,0.275,0.459,0.189,0.403,0.338,60.0,8.7
203552,Seth Curry,GSW,35.0,10,13.3,7.1,1.2,1.0,0.3,0.0,0.2,0.49,0.48,0.917,0.1,0.4,0.8,2.5,1.2,4.9,116.0,119.0,-3.0,0.654,0.169,0.106,0.029,0.075,0.612,0.093,1755198.0,0,Expiring,0.0,0.0,0.0,0.0,0.0,1.76,12.2,SG,1.76,0.329,0.191,0.04,0.865,0.071,0.032,0.086,0.912,0.444,0.418,0.542,0.778,0.143,0.082,65.4,9.3
1631132,Christian Koloko,ATL,25.0,27,13.2,2.7,3.0,0.7,0.5,0.9,0.6,0.419,0.111,0.667,-0.5,1.1,1.9,0.3,0.6,2.7,106.9,108.2,-1.3,0.453,0.109,0.064,0.08,0.125,0.426,0.046,263940.0,0,Minimum,0.0,0.0,0.0,0.0,0.0,0.26,17.1,C,0.26,0.018,0.079,0.373,0.04,0.217,0.886,0.125,0.034,0.058,0.485,0.034,0.124,0.889,0.664,45.3,4.6
1629726,Garrison Mathews,IND,29.0,15,13.1,5.2,1.1,0.7,0.4,0.2,0.2,0.404,0.37,0.826,-0.1,0.1,1.0,3.1,1.5,3.5,107.3,108.0,-0.7,0.628,0.134,0.069,0.01,0.076,0.567,0.072,429325.0,0,Minimum,0.0,0.0,0.0,0.0,0.0,0.56,18.3,SG,0.43,0.166,0.079,0.029,0.684,0.132,0.282,0.136,0.831,0.169,0.514,0.246,0.158,0.899,0.438,62.8,7.2
1641740,Jaylen Clark,MIN,24.0,68,13.1,4.0,1.8,0.6,0.7,0.1,0.3,0.434,0.327,0.657,1.1,0.8,1.0,1.5,1.0,3.4,113.0,108.9,4.1,0.534,0.126,0.064,0.056,0.069,0.507,0.054,2191897.0,0,Expiring,0.0,0.0,0.0,0.0,0.0,2.19,82.9,SG,2.19,0.072,0.059,0.107,0.244,0.452,0.133,0.729,0.229,0.128,0.771,0.074,0.553,0.861,0.482,53.4,5.4
1629234,Drew Eubanks,SAC,29.0,42,13.1,5.2,3.0,0.5,0.4,0.6,0.7,0.596,0.143,0.561,-3.7,0.9,2.1,0.2,1.4,3.7,106.4,117.8,-11.4,0.605,0.161,0.052,0.069,0.154,0.599,0.082,2296274.0,0,Expiring,0.0,0.0,0.0,0.0,0.0,2.3,51.2,C,2.3,0.166,0.04,0.373,0.829,0.132,0.754,0.357,0.702,0.382,0.107,0.395,0.112,0.19,0.359,60.5,8.2
1643007,Taelon Peter,IND,24.0,38,13.0,4.5,1.6,1.1,0.7,0.1,0.7,0.38,0.328,0.625,-2.6,0.3,1.3,3.3,0.4,4.2,103.2,111.8,-8.7,0.518,0.159,0.113,0.019,0.096,0.509,0.057,1000000.0,0,Minimum,0.0,0.0,0.0,0.0,0.0,0.0,46.3,SG,1.0,0.127,0.229,0.073,0.256,0.452,0.133,0.313,0.147,0.361,0.2,0.099,0.045,0.649,0.411,51.8,5.7
1629312,Haywood Highsmith,PHX,29.0,7,13.0,5.4,1.9,1.0,0.6,0.0,0.0,0.522,0.571,0.857,1.4,0.9,1.0,2.0,1.0,3.3,117.8,116.1,1.7,0.729,0.121,0.119,0.062,0.084,0.696,0.107,6443984.0,1,Multi-Year,3.02,0.0,0.0,0.0,0.0,5.62,8.5,SF,6.44,0.182,0.191,0.126,0.981,0.331,0.032,0.067,0.983,0.107,0.64,0.687,0.861,0.273,0.212,72.9,10.7
1642354,KJ Simpson,DEN,23.0,20,12.9,4.6,1.9,2.2,0.8,0.0,1.3,0.343,0.3,0.611,-0.1,0.5,1.4,2.0,0.9,5.0,110.1,110.0,0.0,0.426,0.21,0.246,0.034,0.112,0.404,0.065,1000000.0,0,Minimum,0.0,0.0,0.0,0.0,0.0,0.0,17.1,PG,1.0,0.136,0.552,0.126,0.023,0.552,0.032,0.125,0.023,0.72,0.547,0.162,0.316,0.796,0.46,42.6,6.5
1642869,Noah Penda,ORL,21.0,59,12.8,3.8,3.2,1.2,0.5,0.3,0.7,0.404,0.323,0.688,-0.9,1.1,2.0,1.6,0.8,3.4,110.4,113.4,-3.0,0.506,0.14,0.124,0.081,0.159,0.478,0.076,1272870.0,3,Minimum,2.15,2.53,2.74,0.0,0.0,3.42,72.0,SF,1.27,0.061,0.257,0.415,0.131,0.217,0.443,0.575,0.107,0.22,0.418,0.307,0.347,0.524,0.395,50.6,7.6
1626204,Larry Nance Jr.,CLE,33.0,35,12.8,3.7,2.7,1.0,0.6,0.2,0.6,0.419,0.333,0.462,-0.5,0.8,1.8,1.8,0.4,3.5,108.2,111.1,-2.9,0.505,0.137,0.105,0.058,0.143,0.504,0.062,2296274.0,0,Expiring,0.0,0.0,0.0,0.0,0.0,2.3,42.7,PF,2.3,0.053,0.191,0.306,0.236,0.331,0.282,0.275,0.104,0.203,0.426,0.14,0.193,0.698,0.437,50.5,6.2
1641724,Jett Howard,ORL,22.0,55,12.6,5.5,1.6,0.8,0.2,0.2,0.3,0.418,0.372,0.949,-1.3,0.4,1.2,2.6,0.7,4.6,112.6,118.1,-5.5,0.561,0.166,0.095,0.03,0.096,0.526,0.07,5529720.0,1,Multi-Year,7.34,0.0,0.0,0.0,0.0,5.53,67.1,SF,5.53,0.197,0.11,0.073,0.361,0.029,0.282,0.516,0.377,0.415,0.308,0.229,0.521,0.177,0.163,56.1,7.0
1630544,Tre Mann,CHA,25.0,53,12.6,5.5,1.7,1.6,0.5,0.1,1.0,0.36,0.323,0.852,-2.9,0.4,1.4,2.9,0.5,5.7,105.7,115.8,-10.1,0.462,0.231,0.223,0.028,0.114,0.442,0.062,8000000.0,2,Multi-Year,8.0,8.0,0.0,0.0,0.0,16.0,64.6,PG,8.0,0.197,0.397,0.087,0.065,0.217,0.133,0.486,0.046,0.823,0.149,0.14,0.086,0.299,0.216,46.2,6.2
1641733,Nick Smith Jr.,LAL,22.0,30,12.5,6.2,0.8,1.0,0.3,0.1,0.7,0.435,0.395,0.733,-0.1,0.1,0.7,2.9,0.5,5.4,110.6,111.7,-1.1,0.552,0.212,0.127,0.009,0.054,0.54,0.067,2710680.0,0,Expiring,0.0,0.0,0.0,0.0,0.0,2.71,36.6,SG,2.71,0.265,0.191,0.008,0.485,0.071,0.133,0.224,0.333,0.734,0.495,0.18,0.368,0.655,0.286,55.2,6.7
1627746,Skal Labissiere,WAS,30.0,3,12.5,4.3,3.0,1.0,0.7,0.3,0.3,0.6,0.2,0.0,0.7,1.0,2.0,1.7,0.0,3.3,110.4,106.4,4.0,0.65,0.117,0.115,0.07,0.146,0.65,0.124,1000000.0,0,Minimum,0.0,0.0,0.0,0.0,0.0,0.0,3.7,?,1.0,0.092,0.191,0.373,0.94,0.452,0.443,0.02,0.9,0.088,0.763,0.844,0.347,0.934,0.61,65.0,12.4
1630545,Terrence Shannon Jr.,MIN,25.0,43,12.5,5.6,1.1,0.9,0.3,0.0,0.6,0.45,0.408,0.8,-1.9,0.2,0.9,1.8,1.6,4.0,112.0,120.5,-8.5,0.597,0.171,0.102,0.018,0.074,0.541,0.069,2674080.0,2,Multi-Year,2.8,5.05,0.0,0.0,0.0,5.48,52.4,SG,2.67,0.208,0.149,0.029,0.493,0.071,0.032,0.371,0.66,0.457,0.214,0.209,0.475,0.092,0.065,59.7,6.9
201569,Eric Gordon,PHI,37.0,6,12.3,5.5,0.3,0.5,0.7,0.2,0.5,0.571,0.571,0.5,-5.2,0.2,0.2,2.3,0.3,3.5,102.6,120.1,-17.6,0.754,0.137,0.063,0.013,0.014,0.762,0.083,2296274.0,0,Expiring,0.0,0.0,0.0,0.0,0.0,2.3,7.3,SG,2.3,0.197,0.04,0.004,0.996,0.452,0.282,0.056,0.99,0.203,0.027,0.411,0.034,0.113,0.282,75.4,8.3
1641725,Trey Alexander,NOP,22.0,9,12.3,5.2,1.2,1.0,0.7,0.2,0.3,0.514,0.5,0.6,-2.0,0.1,1.1,1.3,0.6,4.1,112.0,119.0,-7.0,0.599,0.148,0.107,0.008,0.083,0.595,0.078,1000000.0,0,Minimum,0.0,0.0,0.0,0.0,0.0,0.0,11.0,SG,1.0,0.166,0.191,0.04,0.81,0.452,0.282,0.078,0.673,0.282,0.257,0.339,0.475,0.143,0.292,59.9,7.8
203991,Clint Capela,HOU,31.0,75,12.3,3.8,4.6,0.7,0.5,0.8,0.5,0.52,0.5,0.577,2.2,2.1,2.5,0.0,1.0,3.0,113.1,105.1,8.0,0.54,0.133,0.072,0.158,0.181,0.522,0.11,6700000.0,2,Multi-Year,7.04,7.37,0.0,0.0,0.0,21.1,91.5,C,6.7,0.061,0.079,0.666,0.342,0.217,0.849,0.871,0.258,0.164,0.903,0.722,0.567,0.96,0.675,54.0,11.0
1630644,Mac McClung,CHI,27.0,11,12.3,6.1,0.9,0.9,1.0,0.3,0.8,0.39,0.233,0.778,-2.4,0.2,0.7,2.7,1.6,5.4,112.3,121.7,-9.4,0.501,0.199,0.096,0.012,0.063,0.449,0.047,164060.0,0,Minimum,0.0,0.0,0.0,0.0,0.0,0.16,9.8,SG,0.16,0.258,0.149,0.013,0.078,0.743,0.443,0.072,0.099,0.673,0.178,0.037,0.5,0.065,0.417,50.1,4.7
1642853,Rasheer Fleming,PHX,21.0,55,12.2,4.3,2.3,0.3,0.4,0.4,0.5,0.405,0.346,0.559,1.8,1.0,1.2,2.4,0.6,3.9,112.7,106.6,6.1,0.517,0.159,0.033,0.08,0.099,0.509,0.056,1272870.0,3,Minimum,2.15,2.53,2.74,0.0,0.0,5.95,67.1,PF,1.27,0.092,0.015,0.206,0.256,0.132,0.582,0.516,0.142,0.361,0.842,0.089,0.53,0.929,0.548,51.7,5.6
1628418,Thomas Bryant,CLE,28.0,60,12.2,6.2,3.4,0.6,0.3,0.4,0.5,0.506,0.359,0.803,0.7,1.0,2.4,2.2,1.1,4.5,114.4,110.7,3.6,0.625,0.182,0.067,0.074,0.184,0.594,0.115,2296274.0,0,Expiring,0.0,0.0,0.0,0.0,0.0,2.3,73.2,C,2.3,0.265,0.059,0.466,0.807,0.071,0.582,0.59,0.82,0.555,0.74,0.781,0.688,0.739,0.464,62.5,11.5
1631288,Jamal Cain,ORL,27.0,40,12.1,5.4,2.0,0.7,0.3,0.1,0.5,0.487,0.384,0.848,1.1,0.7,1.3,1.8,1.2,3.8,118.0,113.5,4.5,0.624,0.159,0.085,0.055,0.109,0.579,0.081,1000000.0,0,Minimum,0.0,0.0,0.0,0.0,0.0,0.0,48.8,SF,1.0,0.182,0.079,0.148,0.757,0.071,0.133,0.332,0.816,0.361,0.786,0.379,0.875,0.513,0.239,62.4,8.1
1642484,RayJ Dennis,ATL,25.0,17,12.1,4.4,1.5,1.9,0.2,0.2,1.0,0.313,0.311,0.889,-3.6,0.5,1.1,2.6,0.5,4.9,95.8,110.0,-14.2,0.425,0.195,0.26,0.03,0.081,0.398,0.051,1000000.0,0,Minimum,0.0,0.0,0.0,0.0,0.0,0.0,15.9,PG,1.0,0.111,0.479,0.064,0.017,0.029,0.282,0.114,0.021,0.642,0.051,0.056,0.01,0.796,0.369,42.5,5.1
1641803,Tristen Newton,HOU,24.0,1,12.0,12.0,3.0,0.0,1.0,0.0,0.0,0.444,0.4,0.667,2.0,2.0,1.0,5.0,3.0,9.0,128.0,120.0,8.0,0.581,0.345,0.0,0.143,0.077,0.556,0.149,1000000.0,0,Minimum,0.0,0.0,0.0,0.0,0.0,0.0,1.2,SG,1.0,0.666,0.003,0.373,0.607,0.743,0.032,0.003,0.548,0.994,0.903,0.944,1.0,0.117,0.297,58.1,14.9
1631204,Marcus Sasser,DET,25.0,38,12.0,5.2,1.0,2.0,0.5,0.1,0.8,0.39,0.415,0.833,3.1,0.2,0.8,2.8,0.5,4.7,116.4,103.1,13.4,0.533,0.197,0.217,0.016,0.07,0.514,0.078,2886720.0,1,Multi-Year,5.2,0.0,0.0,0.0,0.0,8.09,46.3,PG,2.89,0.166,0.506,0.019,0.283,0.217,0.133,0.313,0.221,0.66,0.981,0.339,0.805,0.98,0.443,53.3,7.8
1630192,Zeke Nnaji,DEN,25.0,52,12.0,3.7,2.6,0.6,0.3,0.5,0.5,0.47,0.259,0.773,-2.1,0.6,2.0,1.0,0.8,2.9,107.1,113.7,-6.6,0.558,0.136,0.069,0.053,0.147,0.517,0.07,8177778.0,2,Multi-Year,7.47,7.47,0.0,0.0,0.0,15.64,63.4,PF,8.18,0.053,0.059,0.287,0.301,0.071,0.684,0.474,0.362,0.189,0.269,0.229,0.137,0.481,0.412,55.8,7.0
1642862,Liam McNeeley,CHA,20.0,31,11.9,4.3,2.4,0.8,0.2,0.1,0.4,0.4,0.4,0.821,0.3,0.4,1.9,1.9,1.3,3.1,111.5,109.9,1.6,0.588,0.144,0.096,0.034,0.167,0.526,0.079,2763960.0,3,Multi-Year,2.9,3.04,5.49,0.0,0.0,5.67,37.8,SF,2.76,0.092,0.11,0.231,0.361,0.029,0.133,0.235,0.594,0.264,0.634,0.355,0.429,0.81,0.324,58.8,7.9
1631133,Jabari Walker,PHI,23.0,64,11.9,4.3,3.0,0.5,0.4,0.2,0.4,0.455,0.337,0.735,0.1,1.1,1.9,1.5,1.1,3.3,112.8,112.8,0.0,0.568,0.142,0.061,0.087,0.156,0.531,0.073,724598.0,1,Minimum,2.58,0.0,0.0,0.0,0.0,0.72,78.0,PF,0.72,0.092,0.04,0.373,0.407,0.132,0.282,0.647,0.436,0.244,0.547,0.263,0.541,0.581,0.332,56.8,7.3
1629021,Moritz Wagner,ORL,28.0,36,11.8,6.9,3.2,0.8,0.4,0.1,0.5,0.426,0.314,0.819,-2.4,0.8,2.4,1.9,2.0,5.4,107.2,117.2,-10.0,0.545,0.237,0.107,0.056,0.207,0.482,0.106,5000000.0,0,Expiring,0.0,0.0,0.0,0.0,0.0,5.0,43.9,C,5.0,0.316,0.11,0.415,0.142,0.132,0.133,0.284,0.29,0.841,0.155,0.677,0.148,0.225,0.163,54.5,10.6
1642278,Tyler Kolek,NYK,25.0,62,11.7,4.4,1.6,2.7,0.4,0.1,0.9,0.435,0.386,0.7,1.7,0.3,1.3,1.8,0.3,4.0,111.7,105.7,6.0,0.533,0.173,0.328,0.021,0.108,0.524,0.101,2191897.0,2,Multi-Year,2.3,2.49,0.0,0.0,0.0,4.49,75.6,PG,2.19,0.111,0.664,0.073,0.349,0.132,0.133,0.613,0.221,0.466,0.835,0.624,0.45,0.948,0.404,53.3,10.1
1629646,Charles Bassey,GSW,25.0,13,11.7,5.8,4.4,0.5,0.3,0.8,0.5,0.66,0.0,0.7,-3.4,1.8,2.6,0.0,1.5,3.6,107.2,120.1,-13.0,0.681,0.161,0.078,0.139,0.236,0.66,0.136,263940.0,0,Minimum,0.0,0.0,0.0,0.0,0.0,0.26,6.1,C,0.26,0.235,0.04,0.645,0.958,0.071,0.849,0.043,0.952,0.382,0.074,0.893,0.148,0.113,0.344,68.1,13.6
1630209,Omer Yurtseven,GSW,27.0,9,11.6,3.8,3.3,0.9,0.2,0.1,1.0,0.423,0.0,0.667,-1.6,1.4,1.9,0.4,2.0,2.9,108.4,114.1,-5.7,0.501,0.167,0.103,0.133,0.167,0.423,0.054,1000000.0,0,Minimum,0.0,0.0,0.0,0.0,0.0,0.0,11.0,C,1.0,0.061,0.149,0.44,0.038,0.029,0.133,0.078,0.099,0.427,0.302,0.074,0.206,0.435,0.199,50.1,5.4
1642382,Branden Carlson,OKC,26.0,42,11.6,5.8,3.0,0.7,0.2,0.6,0.4,0.527,0.36,0.577,-0.6,0.7,2.3,2.0,0.6,4.4,112.6,114.6,-2.0,0.613,0.185,0.086,0.057,0.182,0.61,0.109,1000000.0,0,Minimum,0.0,0.0,0.0,0.0,0.0,0.0,51.2,C,1.0,0.235,0.079,0.373,0.856,0.029,0.754,0.357,0.766,0.583,0.461,0.71,0.521,0.403,0.395,61.3,10.9
1631104,Blake Wesley,POR,23.0,31,11.6,4.8,1.3,2.0,0.5,0.2,1.0,0.452,0.278,0.553,-2.5,0.3,1.0,1.2,1.5,4.0,104.4,113.0,-8.6,0.511,0.189,0.254,0.02,0.087,0.492,0.075,5643732.0,0,Expiring,0.0,0.0,0.0,0.0,0.0,3.35,37.8,SG,5.64,0.144,0.506,0.051,0.179,0.217,0.282,0.235,0.117,0.603,0.206,0.296,0.064,0.558,0.352,51.1,7.5
1642530,Yuki Kawamura,CHI,24.0,18,11.6,3.4,1.8,2.6,0.5,0.0,0.8,0.327,0.297,0.895,-0.2,0.4,1.4,2.1,1.1,2.9,111.7,114.0,-2.3,0.514,0.133,0.266,0.032,0.118,0.433,0.082,1000000.0,0,Minimum,0.0,0.0,0.0,0.0,0.0,0.0,22.0,PG,1.0,0.044,0.635,0.107,0.048,0.217,0.032,0.154,0.125,0.164,0.449,0.395,0.45,0.451,0.233,51.4,8.2
1642868,Carter Bryant,SAS,20.0,71,11.5,4.2,2.5,0.7,0.2,0.3,0.5,0.408,0.335,0.714,-0.1,0.5,2.0,2.2,0.6,3.7,109.1,108.4,0.8,0.526,0.158,0.08,0.044,0.154,0.506,0.071,4900320.0,3,Multi-Year,5.15,5.39,7.98,0.0,0.0,10.05,86.6,PF,4.9,0.08,0.079,0.258,0.24,0.029,0.443,0.797,0.189,0.35,0.592,0.239,0.24,0.877,0.45,52.6,7.1
1631207,Dalen Terry,PHI,23.0,48,11.5,3.7,1.8,1.4,0.6,0.3,0.5,0.439,0.364,0.533,-0.9,0.5,1.3,1.4,0.6,3.2,106.8,109.7,-2.9,0.523,0.139,0.167,0.041,0.099,0.516,0.076,5399118.0,0,Expiring,0.0,0.0,0.0,0.0,0.0,5.4,41.5,SG,5.4,0.053,0.32,0.107,0.294,0.331,0.443,0.263,0.164,0.216,0.426,0.307,0.121,0.825,0.533,52.3,7.6
1642854,Asa Newell,ATL,20.0,44,11.4,5.2,2.2,0.6,0.4,0.3,0.5,0.538,0.387,0.552,-1.0,1.0,1.2,1.7,0.7,3.8,110.2,114.0,-3.8,0.624,0.16,0.072,0.078,0.106,0.624,0.074,3237480.0,3,Multi-Year,3.4,3.56,6.04,0.0,0.0,6.64,53.7,PF,3.24,0.166,0.059,0.183,0.896,0.132,0.443,0.386,0.816,0.372,0.376,0.283,0.324,0.451,0.342,62.4,7.4
1631116,Patrick Baldwin Jr.,SAC,23.0,9,11.4,3.7,2.6,0.6,0.3,0.6,0.6,0.407,0.429,0.714,-4.3,1.3,1.2,1.6,0.8,3.0,100.0,117.2,-17.2,0.549,0.142,0.072,0.103,0.11,0.519,0.052,263940.0,0,Minimum,0.0,0.0,0.0,0.0,0.0,0.13,7.3,SF,0.26,0.053,0.059,0.287,0.309,0.071,0.754,0.056,0.314,0.244,0.034,0.063,0.02,0.225,0.35,54.9,5.2
1641790,PJ Hall,CHA,24.0,19,11.2,4.5,3.9,0.5,0.2,0.5,0.8,0.508,0.6,0.793,-1.5,1.7,2.2,0.3,1.5,3.1,108.4,113.9,-5.4,0.599,0.17,0.077,0.146,0.18,0.534,0.098,1000000.0,0,Minimum,0.0,0.0,0.0,0.0,0.0,0.0,14.6,C,1.0,0.127,0.04,0.561,0.435,0.029,0.684,0.105,0.673,0.45,0.31,0.599,0.206,0.46,0.391,59.9,9.8
1642502,Malevy Leons,GSW,26.0,25,11.1,3.3,2.1,0.9,0.6,0.4,0.5,0.444,0.25,0.789,-3.0,1.2,0.9,0.6,0.8,2.9,111.6,122.2,-10.6,0.516,0.137,0.117,0.106,0.089,0.472,0.062,1000000.0,0,Minimum,0.0,0.0,0.0,0.0,0.0,0.0,30.5,SF,1.0,0.038,0.149,0.17,0.108,0.331,0.582,0.187,0.135,0.203,0.135,0.14,0.435,0.056,0.323,51.6,6.2
1628964,Mo Bamba,UTA,27.0,4,11.0,2.5,5.5,0.3,0.0,0.8,0.5,0.455,0.0,0.0,-3.3,2.5,3.0,0.0,0.0,2.8,101.1,114.4,-13.3,0.455,0.123,0.037,0.208,0.226,0.455,0.091,458711.0,0,Minimum,0.0,0.0,0.0,0.0,0.0,0.19,2.4,C,0.46,0.013,0.015,0.788,0.084,0.004,0.849,0.009,0.037,0.117,0.065,0.513,0.025,0.414,0.422,45.5,9.1
1628396,Tony Bradley,ATL,28.0,41,11.0,4.0,2.8,0.5,0.1,0.2,0.4,0.547,0.5,0.744,-3.4,1.5,1.4,0.1,1.0,2.9,104.6,118.8,-14.2,0.596,0.136,0.077,0.111,0.133,0.556,0.074,3204816.0,0,Expiring,0.0,0.0,0.0,0.0,0.0,3.2,46.3,C,3.2,0.072,0.04,0.327,0.607,0.009,0.282,0.313,0.651,0.189,0.051,0.283,0.069,0.154,0.148,59.6,7.4
1642859,Jase Richardson,ORL,20.0,54,10.9,4.4,1.2,1.1,0.4,0.0,0.5,0.473,0.354,0.717,-0.3,0.4,0.8,1.5,0.9,3.5,111.9,112.8,-0.8,0.574,0.162,0.145,0.034,0.074,0.548,0.074,2983320.0,3,Multi-Year,3.13,3.28,5.91,0.0,0.0,6.12,65.9,SG,2.98,0.111,0.229,0.04,0.543,0.132,0.032,0.502,0.493,0.392,0.51,0.283,0.468,0.581,0.248,57.4,7.4
1631199,Ron Harper Jr.,BOS,26.0,29,10.9,4.2,1.7,0.8,0.3,0.3,0.3,0.418,0.35,0.75,0.6,0.5,1.1,2.8,0.1,3.8,111.6,109.0,2.7,0.55,0.158,0.1,0.043,0.101,0.545,0.086,1000000.0,0,Minimum,0.0,0.0,0.0,0.0,0.0,0.0,35.4,SF,1.0,0.08,0.11,0.087,0.519,0.071,0.443,0.213,0.321,0.35,0.683,0.445,0.435,0.851,0.455,55.0,8.6
1642878,Tyrese Proctor,CLE,22.0,50,10.9,5.4,1.3,1.5,0.5,0.0,0.8,0.413,0.351,0.889,-0.1,0.2,1.1,2.6,0.9,4.5,112.5,112.8,-0.3,0.556,0.214,0.196,0.019,0.092,0.516,0.087,1272870.0,3,Minimum,2.15,2.53,2.74,0.0,0.0,3.42,61.0,PG,1.27,0.182,0.361,0.051,0.294,0.217,0.032,0.451,0.35,0.747,0.527,0.459,0.514,0.581,0.277,55.6,8.7
1628420,Monte Morris,IND,30.0,6,10.8,3.0,1.2,1.5,0.2,0.2,0.3,0.35,0.25,0.5,-4.8,0.2,1.0,1.3,0.7,3.3,83.3,104.2,-20.9,0.414,0.141,0.29,0.012,0.08,0.4,0.076,321184.0,0,Minimum,0.0,0.0,0.0,0.0,0.0,0.32,7.3,PG,0.32,0.027,0.361,0.04,0.019,0.029,0.282,0.056,0.017,0.229,0.021,0.307,0.004,0.971,0.427,41.4,7.6
1628467,Maxi Kleber,LAL,34.0,43,10.7,2.0,2.0,0.6,0.4,0.3,0.4,0.452,0.231,0.538,1.3,0.8,1.1,0.6,0.6,1.7,113.4,110.3,3.1,0.509,0.092,0.075,0.084,0.107,0.493,0.038,11000000.0,0,Expiring,0.0,0.0,0.0,0.0,0.0,11.0,52.4,PF,11.0,0.007,0.059,0.148,0.184,0.132,0.443,0.371,0.111,0.014,0.701,0.019,0.596,0.775,0.45,50.9,3.8
1629599,Amir Coffey,PHX,28.0,46,10.7,3.2,1.2,0.6,0.2,0.1,0.2,0.487,0.347,0.786,-0.7,0.4,0.8,1.1,0.6,2.5,107.6,109.8,-2.2,0.594,0.117,0.076,0.039,0.073,0.562,0.068,2296274.0,0,Expiring,0.0,0.0,0.0,0.0,0.0,2.3,36.6,SG,2.3,0.031,0.059,0.04,0.657,0.029,0.133,0.224,0.634,0.088,0.454,0.191,0.177,0.82,0.327,59.4,6.8
1641809,Drew Peterson,CHA,26.0,6,10.7,0.8,1.5,0.3,0.5,0.2,0.0,0.125,0.0,0.5,-1.7,0.5,1.0,2.0,0.3,2.7,103.1,110.7,-7.6,0.148,0.108,0.044,0.041,0.107,0.125,0.0,1000000.0,0,Minimum,0.0,0.0,0.0,0.0,0.0,0.0,7.3,PF,1.0,0.002,0.015,0.064,0.002,0.217,0.282,0.056,0.002,0.052,0.24,0.002,0.041,0.739,0.413,14.8,0.0
1631110,Jeremy Sochan,NYK,22.0,44,10.6,3.6,2.4,0.9,0.4,0.2,0.5,0.496,0.244,0.731,-1.3,0.8,1.6,1.0,0.6,2.9,107.2,111.1,-3.9,0.563,0.141,0.124,0.076,0.149,0.539,0.081,7874853.0,0,Expiring,0.0,0.0,0.0,0.0,0.0,7.1,34.1,PF,7.87,0.048,0.149,0.231,0.475,0.132,0.282,0.205,0.395,0.229,0.37,0.379,0.148,0.698,0.371,56.3,8.1
1628449,Chris Boucher,BOS,33.0,9,10.5,2.3,2.0,0.3,0.6,0.8,0.1,0.32,0.133,0.75,0.6,0.2,1.8,1.7,0.4,2.8,114.3,109.9,4.4,0.392,0.128,0.042,0.019,0.151,0.36,0.04,2296274.0,0,Expiring,0.0,0.0,0.0,0.0,0.0,2.3,11.0,PF,2.3,0.01,0.015,0.148,0.013,0.331,0.849,0.078,0.008,0.134,0.781,0.021,0.679,0.81,0.663,39.2,4.0
1630625,Dalano Banton,BOS,26.0,6,10.3,2.0,0.8,1.8,0.3,0.8,1.3,0.333,0.0,1.0,-1.5,0.3,0.5,0.2,0.7,2.0,110.0,114.3,-4.3,0.436,0.152,0.268,0.034,0.043,0.333,0.051,263940.0,0,Minimum,0.0,0.0,0.0,0.0,0.0,0.13,4.9,PG,0.26,0.007,0.452,0.008,0.009,0.071,0.849,0.032,0.027,0.309,0.355,0.056,0.303,0.421,0.447,43.6,5.1
1642949,Yanic Konan Niederhäuser,LAC,23.0,41,10.3,4.3,2.9,0.3,0.1,0.7,0.6,0.64,0.2,0.758,0.9,0.9,2.0,0.1,1.5,2.4,113.9,109.4,4.5,0.691,0.153,0.041,0.096,0.176,0.645,0.098,2743800.0,3,Multi-Year,2.88,3.02,5.45,0.0,0.0,5.62,50.0,C,2.74,0.092,0.015,0.347,0.93,0.009,0.801,0.343,0.966,0.319,0.786,0.599,0.65,0.839,0.55,69.1,9.8
1629634,Brandon Clarke,MEM,29.0,2,10.2,4.0,3.0,0.5,1.0,0.0,0.0,0.333,0.0,0.5,-6.0,2.0,1.0,0.0,2.0,4.5,87.8,110.0,-22.2,0.372,0.193,0.071,0.154,0.077,0.333,0.023,12500000.0,1,Multi-Year,12.5,0.0,0.0,0.0,0.0,25.0,2.4,PF,12.5,0.072,0.04,0.373,0.009,0.743,0.032,0.009,0.006,0.628,0.019,0.01,0.006,0.796,0.524,37.2,2.3
1642261,Dalton Knecht,LAL,25.0,54,10.2,4.2,1.4,0.4,0.2,0.2,0.4,0.455,0.342,0.727,-1.5,0.3,1.1,2.1,0.4,3.5,105.2,113.7,-8.5,0.568,0.171,0.059,0.026,0.108,0.555,0.069,4010160.0,2,Multi-Year,4.2,6.45,0.0,0.0,0.0,8.21,65.9,SF,4.01,0.08,0.025,0.059,0.599,0.029,0.282,0.502,0.436,0.457,0.214,0.209,0.077,0.481,0.264,56.8,6.9
1630811,Keaton Wallace,ATL,27.0,53,10.1,3.5,1.1,1.8,0.5,0.1,0.5,0.398,0.373,0.667,-1.9,0.1,1.0,1.9,0.3,3.2,102.2,110.8,-8.6,0.52,0.161,0.264,0.005,0.097,0.509,0.077,2296274.0,0,Expiring,0.0,0.0,0.0,0.0,0.0,2.3,64.6,PG,2.3,0.046,0.452,0.029,0.256,0.217,0.133,0.486,0.151,0.382,0.206,0.321,0.029,0.726,0.359,52.0,7.7
1643047,CJ Huntley,PHX,24.0,4,10.1,3.0,1.3,0.5,0.3,0.0,0.0,0.545,0.0,0.0,3.8,0.5,0.8,0.8,0.0,2.8,122.4,104.7,17.6,0.545,0.107,0.053,0.053,0.081,0.545,0.061,1000000.0,0,Minimum,0.0,0.0,0.0,0.0,0.0,0.0,4.9,SF,1.0,0.027,0.04,0.051,0.519,0.071,0.032,0.032,0.29,0.047,0.997,0.128,0.979,0.962,0.355,54.5,6.1
1628371,Jonathan Isaac,ORL,28.0,52,10.0,2.6,2.5,0.4,0.4,0.6,0.3,0.422,0.184,0.603,-0.7,0.8,1.7,0.7,1.1,2.1,104.7,106.1,-1.3,0.498,0.119,0.062,0.071,0.165,0.454,0.078,15000000.0,3,Multi-Year,14.5,14.5,15.0,0.0,0.0,44.0,63.4,PF,15.0,0.015,0.025,0.258,0.082,0.132,0.754,0.474,0.091,0.096,0.485,0.339,0.071,0.943,0.61,49.8,7.8
